key,zoomT,field_fraction,height_mm,frequency_lp_mm,manufacturer_pair_min,manufacturer_pair_max,chart_aperture_label,chart_method_printed,source_url,source_sha256,digitization_allowance_mtf,audit_sagittal,audit_tangential
nikon-z-135f18-plena,0,0,0,10,0.9840737636211232,0.9941324392288349,1.8,not stated in downloaded chart,https://imaging.nikon.com/imaging/lineup/lens/z-mount/z_135mmf18s/img/mtf.jpg,2ebf6e715923e4cd9315084e71b072db4e635e473f79ea33ddfa80dce1b8ed24,0.035,0.9853708107922918,0.9853708107922942
nikon-z-135f18-plena,0,0,0,30,0.8985750209555742,0.9086336965632859,1.8,not stated in downloaded chart,https://imaging.nikon.com/imaging/lineup/lens/z-mount/z_135mmf18s/img/mtf.jpg,2ebf6e715923e4cd9315084e71b072db4e635e473f79ea33ddfa80dce1b8ed24,0.035,0.9106210466619031,0.9106210466619057
nikon-z-135f18-plena,0,0.1,2.164581844681319,10,0.9840737636211232,0.9941324392288349,1.8,not stated in downloaded chart,https://imaging.nikon.com/imaging/lineup/lens/z-mount/z_135mmf18s/img/mtf.jpg,2ebf6e715923e4cd9315084e71b072db4e635e473f79ea33ddfa80dce1b8ed24,0.035,0.9857168306562569,0.9856830204439015
nikon-z-135f18-plena,0,0.1,2.164581844681319,30,0.8985750209555742,0.911986588432523,1.8,not stated in downloaded chart,https://imaging.nikon.com/imaging/lineup/lens/z-mount/z_135mmf18s/img/mtf.jpg,2ebf6e715923e4cd9315084e71b072db4e635e473f79ea33ddfa80dce1b8ed24,0.035,0.9116323193626841,0.9108086963812304
nikon-z-135f18-plena,0,0.2,4.329149633148184,10,0.9840737636211232,0.9941324392288349,1.8,not stated in downloaded chart,https://imaging.nikon.com/imaging/lineup/lens/z-mount/z_135mmf18s/img/mtf.jpg,2ebf6e715923e4cd9315084e71b072db4e635e473f79ea33ddfa80dce1b8ed24,0.035,0.9855788394261982,0.9851806863764275
nikon-z-135f18-plena,0,0.2,4.329149633148184,30,0.8985750209555742,0.9136630343671417,1.8,not stated in downloaded chart,https://imaging.nikon.com/imaging/lineup/lens/z-mount/z_135mmf18s/img/mtf.jpg,2ebf6e715923e4cd9315084e71b072db4e635e473f79ea33ddfa80dce1b8ed24,0.035,0.9115846354259974,0.9088703364734779
nikon-z-135f18-plena,0,0.3,6.4938785834171515,10,0.9840737636211232,0.9941324392288349,1.8,not stated in downloaded chart,https://imaging.nikon.com/imaging/lineup/lens/z-mount/z_135mmf18s/img/mtf.jpg,2ebf6e715923e4cd9315084e71b072db4e635e473f79ea33ddfa80dce1b8ed24,0.035,0.9850978411219992,0.9842727284001839
nikon-z-135f18-plena,0,0.3,6.4938785834171515,30,0.8968985750209556,0.911986588432523,1.8,not stated in downloaded chart,https://imaging.nikon.com/imaging/lineup/lens/z-mount/z_135mmf18s/img/mtf.jpg,2ebf6e715923e4cd9315084e71b072db4e635e473f79ea33ddfa80dce1b8ed24,0.035,0.9079542213999805,0.9040427306468823
nikon-z-135f18-plena,0,0.4,8.658544179266714,10,0.9823973176865046,0.9941324392288349,1.8,not stated in downloaded chart,https://imaging.nikon.com/imaging/lineup/lens/z-mount/z_135mmf18s/img/mtf.jpg,2ebf6e715923e4cd9315084e71b072db4e635e473f79ea33ddfa80dce1b8ed24,0.035,0.9835556140738303,0.9834555891146747
nikon-z-135f18-plena,0,0.4,8.658544179266714,30,0.8968985750209556,0.9086336965632859,1.8,not stated in downloaded chart,https://imaging.nikon.com/imaging/lineup/lens/z-mount/z_135mmf18s/img/mtf.jpg,2ebf6e715923e4cd9315084e71b072db4e635e473f79ea33ddfa80dce1b8ed24,0.035,0.8975838670791847,0.8990794635142535
nikon-z-135f18-plena,0,0.5,10.823228331165348,10,0.980720871751886,0.9924559932942163,1.8,not stated in downloaded chart,https://imaging.nikon.com/imaging/lineup/lens/z-mount/z_135mmf18s/img/mtf.jpg,2ebf6e715923e4cd9315084e71b072db4e635e473f79ea33ddfa80dce1b8ed24,0.035,0.9808234854343328,0.9812959157307904
nikon-z-135f18-plena,0,0.5,10.823228331165348,30,0.8868398994132439,0.9052808046940486,1.8,not stated in downloaded chart,https://imaging.nikon.com/imaging/lineup/lens/z-mount/z_135mmf18s/img/mtf.jpg,2ebf6e715923e4cd9315084e71b072db4e635e473f79ea33ddfa80dce1b8ed24,0.035,0.8793205183797737,0.8859945432489253
nikon-z-135f18-plena,0,0.6,12.987991567784816,10,0.9773679798826488,0.9924559932942163,1.8,not stated in downloaded chart,https://imaging.nikon.com/imaging/lineup/lens/z-mount/z_135mmf18s/img/mtf.jpg,2ebf6e715923e4cd9315084e71b072db4e635e473f79ea33ddfa80dce1b8ed24,0.035,0.9769013378605712,0.9779496715148203
nikon-z-135f18-plena,0,0.6,12.987991567784816,30,0.8667225481978207,0.90360435875943,1.8,not stated in downloaded chart,https://imaging.nikon.com/imaging/lineup/lens/z-mount/z_135mmf18s/img/mtf.jpg,2ebf6e715923e4cd9315084e71b072db4e635e473f79ea33ddfa80dce1b8ed24,0.035,0.8528584502910381,0.8669723461289562
nikon-z-135f18-plena,0,0.7,15.152804112438591,10,0.972338642078793,0.989103101424979,1.8,not stated in downloaded chart,https://imaging.nikon.com/imaging/lineup/lens/z-mount/z_135mmf18s/img/mtf.jpg,2ebf6e715923e4cd9315084e71b072db4e635e473f79ea33ddfa80dce1b8ed24,0.035,0.9721532394781164,0.973450682886557
nikon-z-135f18-plena,0,0.7,15.152804112438591,30,0.8382229673093042,0.8868398994132439,1.8,not stated in downloaded chart,https://imaging.nikon.com/imaging/lineup/lens/z-mount/z_135mmf18s/img/mtf.jpg,2ebf6e715923e4cd9315084e71b072db4e635e473f79ea33ddfa80dce1b8ed24,0.035,0.8205965849560397,0.8548124813787631
nikon-z-135f18-plena,0,0.8,17.317752725363096,10,0.9572506286672254,0.9790444258172674,1.8,not stated in downloaded chart,https://imaging.nikon.com/imaging/lineup/lens/z-mount/z_135mmf18s/img/mtf.jpg,2ebf6e715923e4cd9315084e71b072db4e635e473f79ea33ddfa80dce1b8ed24,0.035,0.9656259709384393,0.9485591934214833
nikon-z-135f18-plena,0,0.8,17.317752725363096,30,0.7627829002514669,0.8214585079631183,1.8,not stated in downloaded chart,https://imaging.nikon.com/imaging/lineup/lens/z-mount/z_135mmf18s/img/mtf.jpg,2ebf6e715923e4cd9315084e71b072db4e635e473f79ea33ddfa80dce1b8ed24,0.035,0.7759454039185745,0.7469969552889292
nikon-z-135f18-plena,0,0.9,19.482737231331953,10,0.9287510477787091,0.9740150880134115,1.8,not stated in downloaded chart,https://imaging.nikon.com/imaging/lineup/lens/z-mount/z_135mmf18s/img/mtf.jpg,2ebf6e715923e4cd9315084e71b072db4e635e473f79ea33ddfa80dce1b8ed24,0.035,0.9545265507911238,0.8688075404630013
nikon-z-135f18-plena,0,0.9,19.482737231331953,30,0.6420787929589271,0.7896060352053647,1.8,not stated in downloaded chart,https://imaging.nikon.com/imaging/lineup/lens/z-mount/z_135mmf18s/img/mtf.jpg,2ebf6e715923e4cd9315084e71b072db4e635e473f79ea33ddfa80dce1b8ed24,0.035,0.6993099229714548,0.5852029103931538
nikkor-z-14-30f4s,0,0,0,10,0.9884009942004971,1.0,4,not stated in downloaded chart,https://imaging.nikon.com/imaging/lineup/lens/z-mount/z_14-30mmf4s/img/mtf_wide.jpg,9a5a5fd5de3b42c33b56617432dbcf713f6d16724837da4c9e3e9bc135450f40,0.035,0.9764424525999572,0.9764424525999617
nikkor-z-14-30f4s,0,0,0,30,0.951946975973488,0.9701739850869926,4,not stated in downloaded chart,https://imaging.nikon.com/imaging/lineup/lens/z-mount/z_14-30mmf4s/img/mtf_wide.jpg,9a5a5fd5de3b42c33b56617432dbcf713f6d16724837da4c9e3e9bc135450f40,0.035,0.9105447014926074,0.910544701492611
nikkor-z-14-30f4s,0,0.1,2.1628555210098908,10,0.9817729908864954,0.9983429991714996,4,not stated in downloaded chart,https://imaging.nikon.com/imaging/lineup/lens/z-mount/z_14-30mmf4s/img/mtf_wide.jpg,9a5a5fd5de3b42c33b56617432dbcf713f6d16724837da4c9e3e9bc135450f40,0.035,0.9767424506232054,0.9758101947413229
nikkor-z-14-30f4s,0,0.1,2.1628555210098908,30,0.9005799502899752,0.9536039768019884,4,not stated in downloaded chart,https://imaging.nikon.com/imaging/lineup/lens/z-mount/z_14-30mmf4s/img/mtf_wide.jpg,9a5a5fd5de3b42c33b56617432dbcf713f6d16724837da4c9e3e9bc135450f40,0.035,0.9092434330792336,0.9052840526141401
nikkor-z-14-30f4s,0,0.2,4.325698505172543,10,0.9734879867439934,0.9966859983429992,4,not stated in downloaded chart,https://imaging.nikon.com/imaging/lineup/lens/z-mount/z_14-30mmf4s/img/mtf_wide.jpg,9a5a5fd5de3b42c33b56617432dbcf713f6d16724837da4c9e3e9bc135450f40,0.035,0.9734171099624611,0.9734653428486074
nikkor-z-14-30f4s,0,0.2,4.325698505172543,30,0.8541839270919636,0.9337199668599834,4,not stated in downloaded chart,https://imaging.nikon.com/imaging/lineup/lens/z-mount/z_14-30mmf4s/img/mtf_wide.jpg,9a5a5fd5de3b42c33b56617432dbcf713f6d16724837da4c9e3e9bc135450f40,0.035,0.8845564846082548,0.8863107154095903
nikkor-z-14-30f4s,0,0.3,6.4880322528906555,10,0.9685169842584921,0.9933719966859983,4,not stated in downloaded chart,https://imaging.nikon.com/imaging/lineup/lens/z-mount/z_14-30mmf4s/img/mtf_wide.jpg,9a5a5fd5de3b42c33b56617432dbcf713f6d16724837da4c9e3e9bc135450f40,0.035,0.9680682363080115,0.9720284521500288
nikkor-z-14-30f4s,0,0.3,6.4880322528906555,30,0.8227009113504556,0.9138359569179785,4,not stated in downloaded chart,https://imaging.nikon.com/imaging/lineup/lens/z-mount/z_14-30mmf4s/img/mtf_wide.jpg,9a5a5fd5de3b42c33b56617432dbcf713f6d16724837da4c9e3e9bc135450f40,0.035,0.8380713195984943,0.8772570048074322
nikkor-z-14-30f4s,0,0.4,8.650095002577084,10,0.9652029826014913,0.9917149958574979,4,not stated in downloaded chart,https://imaging.nikon.com/imaging/lineup/lens/z-mount/z_14-30mmf4s/img/mtf_wide.jpg,9a5a5fd5de3b42c33b56617432dbcf713f6d16724837da4c9e3e9bc135450f40,0.035,0.9598703914868412,0.9612326461307483
nikkor-z-14-30f4s,0,0.4,8.650095002577084,30,0.8077879038939519,0.8906379453189727,4,not stated in downloaded chart,https://imaging.nikon.com/imaging/lineup/lens/z-mount/z_14-30mmf4s/img/mtf_wide.jpg,9a5a5fd5de3b42c33b56617432dbcf713f6d16724837da4c9e3e9bc135450f40,0.035,0.7889239907661224,0.8089907772321644
nikkor-z-14-30f4s,0,0.5,10.811950317753855,10,0.9635459817729909,0.9900579950289975,4,not stated in downloaded chart,https://imaging.nikon.com/imaging/lineup/lens/z-mount/z_14-30mmf4s/img/mtf_wide.jpg,9a5a5fd5de3b42c33b56617432dbcf713f6d16724837da4c9e3e9bc135450f40,0.035,0.9560229574631126,0.9349974061124967
nikkor-z-14-30f4s,0,0.5,10.811950317753855,30,0.7912178956089478,0.875724937862469,4,not stated in downloaded chart,https://imaging.nikon.com/imaging/lineup/lens/z-mount/z_14-30mmf4s/img/mtf_wide.jpg,9a5a5fd5de3b42c33b56617432dbcf713f6d16724837da4c9e3e9bc135450f40,0.035,0.7504771489112478,0.6217361518551422
nikkor-z-14-30f4s,0,0.6,12.973650065873748,10,0.9602319801159901,0.9917149958574979,4,not stated in downloaded chart,https://imaging.nikon.com/imaging/lineup/lens/z-mount/z_14-30mmf4s/img/mtf_wide.jpg,9a5a5fd5de3b42c33b56617432dbcf713f6d16724837da4c9e3e9bc135450f40,0.035,0.954215807354951,0.9269778277805645
nikkor-z-14-30f4s,0,0.6,12.973650065873748,30,0.7763048881524441,0.9005799502899752,4,not stated in downloaded chart,https://imaging.nikon.com/imaging/lineup/lens/z-mount/z_14-30mmf4s/img/mtf_wide.jpg,9a5a5fd5de3b42c33b56617432dbcf713f6d16724837da4c9e3e9bc135450f40,0.035,0.7377240839862598,0.5771712770577874
nikkor-z-14-30f4s,0,0.7,15.135407138594225,10,0.9552609776304888,0.9966859983429992,4,not stated in downloaded chart,https://imaging.nikon.com/imaging/lineup/lens/z-mount/z_14-30mmf4s/img/mtf_wide.jpg,9a5a5fd5de3b42c33b56617432dbcf713f6d16724837da4c9e3e9bc135450f40,0.035,0.9559663618345912,0.8962609758488834
nikkor-z-14-30f4s,0,0.7,15.135407138594225,30,0.7464788732394366,0.9304059652029826,4,not stated in downloaded chart,https://imaging.nikon.com/imaging/lineup/lens/z-mount/z_14-30mmf4s/img/mtf_wide.jpg,9a5a5fd5de3b42c33b56617432dbcf713f6d16724837da4c9e3e9bc135450f40,0.035,0.7507402319111152,0.42987611031649414
nikkor-z-14-30f4s,0,0.8,17.296788887947496,10,0.9453189726594863,0.9983429991714996,4,not stated in downloaded chart,https://imaging.nikon.com/imaging/lineup/lens/z-mount/z_14-30mmf4s/img/mtf_wide.jpg,9a5a5fd5de3b42c33b56617432dbcf713f6d16724837da4c9e3e9bc135450f40,0.035,0.9581745506110846,0.8449552077348838
nikkor-z-14-30f4s,0,0.8,17.296788887947496,30,0.6801988400994201,0.9436619718309859,4,not stated in downloaded chart,https://imaging.nikon.com/imaging/lineup/lens/z-mount/z_14-30mmf4s/img/mtf_wide.jpg,9a5a5fd5de3b42c33b56617432dbcf713f6d16724837da4c9e3e9bc135450f40,0.035,0.7679208518657312,0.2762434729468338
nikkor-z-14-30f4s,0,0.9,19.458268571476665,10,0.9171499585749793,0.9983429991714996,4,not stated in downloaded chart,https://imaging.nikon.com/imaging/lineup/lens/z-mount/z_14-30mmf4s/img/mtf_wide.jpg,9a5a5fd5de3b42c33b56617432dbcf713f6d16724837da4c9e3e9bc135450f40,0.035,0.9533007086427061,0.8681558058199075
nikkor-z-14-30f4s,0,0.9,19.458268571476665,30,0.5956917978458989,0.9420049710024855,4,not stated in downloaded chart,https://imaging.nikon.com/imaging/lineup/lens/z-mount/z_14-30mmf4s/img/mtf_wide.jpg,9a5a5fd5de3b42c33b56617432dbcf713f6d16724837da4c9e3e9bc135450f40,0.035,0.7462525859378746,0.4509124688133817
nikkor-z-14-30f4s,1,0,0,10,0.988391376451078,1.0,4,not stated in downloaded chart,https://imaging.nikon.com/imaging/lineup/lens/z-mount/z_14-30mmf4s/img/mtf_tele.jpg,26edebeff26ab75e6b63a0a9ffda48e17586384bc3dc1e91b1bef0d4c1f3c604,0.035,0.9727737122708692,0.9727737122708674
nikkor-z-14-30f4s,1,0,0,30,0.9485903814262023,0.9601990049751243,4,not stated in downloaded chart,https://imaging.nikon.com/imaging/lineup/lens/z-mount/z_14-30mmf4s/img/mtf_tele.jpg,26edebeff26ab75e6b63a0a9ffda48e17586384bc3dc1e91b1bef0d4c1f3c604,0.035,0.8812917740620865,0.8812917740620941
nikkor-z-14-30f4s,1,0.1,2.1639051251002517,10,0.988391376451078,1.0,4,not stated in downloaded chart,https://imaging.nikon.com/imaging/lineup/lens/z-mount/z_14-30mmf4s/img/mtf_tele.jpg,26edebeff26ab75e6b63a0a9ffda48e17586384bc3dc1e91b1bef0d4c1f3c604,0.035,0.9728566941388249,0.9730982185029141
nikkor-z-14-30f4s,1,0.1,2.1639051251002517,30,0.9386401326699834,0.9585406301824212,4,not stated in downloaded chart,https://imaging.nikon.com/imaging/lineup/lens/z-mount/z_14-30mmf4s/img/mtf_tele.jpg,26edebeff26ab75e6b63a0a9ffda48e17586384bc3dc1e91b1bef0d4c1f3c604,0.035,0.8814318896989111,0.8809646546447935
nikkor-z-14-30f4s,1,0.2,4.327855994773751,10,0.9867330016583747,1.0,4,not stated in downloaded chart,https://imaging.nikon.com/imaging/lineup/lens/z-mount/z_14-30mmf4s/img/mtf_tele.jpg,26edebeff26ab75e6b63a0a9ffda48e17586384bc3dc1e91b1bef0d4c1f3c604,0.035,0.9724735272603738,0.9715583921739651
nikkor-z-14-30f4s,1,0.2,4.327855994773751,30,0.9253731343283582,0.9552238805970149,4,not stated in downloaded chart,https://imaging.nikon.com/imaging/lineup/lens/z-mount/z_14-30mmf4s/img/mtf_tele.jpg,26edebeff26ab75e6b63a0a9ffda48e17586384bc3dc1e91b1bef0d4c1f3c604,0.035,0.8762992104542332,0.8732935490788819
nikkor-z-14-30f4s,1,0.3,6.491679642084829,10,0.9834162520729685,0.9966832504145937,4,not stated in downloaded chart,https://imaging.nikon.com/imaging/lineup/lens/z-mount/z_14-30mmf4s/img/mtf_tele.jpg,26edebeff26ab75e6b63a0a9ffda48e17586384bc3dc1e91b1bef0d4c1f3c604,0.035,0.9695708072095659,0.9699576848197744
nikkor-z-14-30f4s,1,0.3,6.491679642084829,30,0.9087893864013267,0.9353233830845771,4,not stated in downloaded chart,https://imaging.nikon.com/imaging/lineup/lens/z-mount/z_14-30mmf4s/img/mtf_tele.jpg,26edebeff26ab75e6b63a0a9ffda48e17586384bc3dc1e91b1bef0d4c1f3c604,0.035,0.852523075162037,0.8645549854308224
nikkor-z-14-30f4s,1,0.4,8.655463076593357,10,0.9800995024875622,0.9917081260364843,4,not stated in downloaded chart,https://imaging.nikon.com/imaging/lineup/lens/z-mount/z_14-30mmf4s/img/mtf_tele.jpg,26edebeff26ab75e6b63a0a9ffda48e17586384bc3dc1e91b1bef0d4c1f3c604,0.035,0.9618892422373757,0.9697053124917931
nikkor-z-14-30f4s,1,0.4,8.655463076593357,30,0.8673300165837479,0.900497512437811,4,not stated in downloaded chart,https://imaging.nikon.com/imaging/lineup/lens/z-mount/z_14-30mmf4s/img/mtf_tele.jpg,26edebeff26ab75e6b63a0a9ffda48e17586384bc3dc1e91b1bef0d4c1f3c604,0.035,0.798801801955088,0.8703069147385939
nikkor-z-14-30f4s,1,0.5,10.81905948556675,10,0.9751243781094527,0.988391376451078,4,not stated in downloaded chart,https://imaging.nikon.com/imaging/lineup/lens/z-mount/z_14-30mmf4s/img/mtf_tele.jpg,26edebeff26ab75e6b63a0a9ffda48e17586384bc3dc1e91b1bef0d4c1f3c604,0.035,0.9531916940621943,0.9685122485560295
nikkor-z-14-30f4s,1,0.5,10.81905948556675,30,0.8308457711442786,0.8756218905472637,4,not stated in downloaded chart,https://imaging.nikon.com/imaging/lineup/lens/z-mount/z_14-30mmf4s/img/mtf_tele.jpg,26edebeff26ab75e6b63a0a9ffda48e17586384bc3dc1e91b1bef0d4c1f3c604,0.035,0.726157503252432,0.8681307312735315
nikkor-z-14-30f4s,1,0.6,12.982665093012743,10,0.9734660033167496,0.9867330016583747,4,not stated in downloaded chart,https://imaging.nikon.com/imaging/lineup/lens/z-mount/z_14-30mmf4s/img/mtf_tele.jpg,26edebeff26ab75e6b63a0a9ffda48e17586384bc3dc1e91b1bef0d4c1f3c604,0.035,0.9437950916925868,0.9567350729620202
nikkor-z-14-30f4s,1,0.6,12.982665093012743,30,0.8225538971807629,0.8606965174129353,4,not stated in downloaded chart,https://imaging.nikon.com/imaging/lineup/lens/z-mount/z_14-30mmf4s/img/mtf_tele.jpg,26edebeff26ab75e6b63a0a9ffda48e17586384bc3dc1e91b1bef0d4c1f3c604,0.035,0.6620332012094399,0.7911875497375682
nikkor-z-14-30f4s,1,0.7,15.146012217976754,10,0.9718076285240465,0.9850746268656716,4,not stated in downloaded chart,https://imaging.nikon.com/imaging/lineup/lens/z-mount/z_14-30mmf4s/img/mtf_tele.jpg,26edebeff26ab75e6b63a0a9ffda48e17586384bc3dc1e91b1bef0d4c1f3c604,0.035,0.9384058416971016,0.929267891510035
nikkor-z-14-30f4s,1,0.7,15.146012217976754,30,0.8059701492537313,0.8374792703150912,4,not stated in downloaded chart,https://imaging.nikon.com/imaging/lineup/lens/z-mount/z_14-30mmf4s/img/mtf_tele.jpg,26edebeff26ab75e6b63a0a9ffda48e17586384bc3dc1e91b1bef0d4c1f3c604,0.035,0.637727820470793,0.6277183211186972
nikkor-z-14-30f4s,1,0.8,17.30928881181635,10,0.9585406301824212,0.9817578772802653,4,not stated in downloaded chart,https://imaging.nikon.com/imaging/lineup/lens/z-mount/z_14-30mmf4s/img/mtf_tele.jpg,26edebeff26ab75e6b63a0a9ffda48e17586384bc3dc1e91b1bef0d4c1f3c604,0.035,0.9352302255188141,0.8930216425321743
nikkor-z-14-30f4s,1,0.8,17.30928881181635,30,0.7048092868988391,0.7927031509121061,4,not stated in downloaded chart,https://imaging.nikon.com/imaging/lineup/lens/z-mount/z_14-30mmf4s/img/mtf_tele.jpg,26edebeff26ab75e6b63a0a9ffda48e17586384bc3dc1e91b1bef0d4c1f3c604,0.035,0.6265893315712242,0.45668410495788714
nikkor-z-14-30f4s,1,0.9,19.47249575892129,10,0.9203980099502488,0.9519071310116086,4,not stated in downloaded chart,https://imaging.nikon.com/imaging/lineup/lens/z-mount/z_14-30mmf4s/img/mtf_tele.jpg,26edebeff26ab75e6b63a0a9ffda48e17586384bc3dc1e91b1bef0d4c1f3c604,0.035,0.9146831110073336,0.8551995274756823
nikkor-z-14-30f4s,1,0.9,19.47249575892129,30,0.5223880597014925,0.6716417910447761,4,not stated in downloaded chart,https://imaging.nikon.com/imaging/lineup/lens/z-mount/z_14-30mmf4s/img/mtf_tele.jpg,26edebeff26ab75e6b63a0a9ffda48e17586384bc3dc1e91b1bef0d4c1f3c604,0.035,0.5136169835368484,0.3305872724671758
nikon-z-24-70f4s,0,0,0,10,0.9807852965747703,0.9924812030075187,4,not stated in downloaded chart,https://imaging.nikon.com/imaging/lineup/lens/z-mount/z_24-70mmf4s/img/mtf_wide.jpg,3a25e01d83d75e517d16694051518ea9c647c18f729df54f9209729e075c9f62,0.035,0.9723575767711247,0.972357576771124
nikon-z-24-70f4s,0,0,0,30,0.8771929824561404,0.8989139515455304,4,not stated in downloaded chart,https://imaging.nikon.com/imaging/lineup/lens/z-mount/z_24-70mmf4s/img/mtf_wide.jpg,3a25e01d83d75e517d16694051518ea9c647c18f729df54f9209729e075c9f62,0.035,0.8728576663582074,0.8728576663582075
nikon-z-24-70f4s,0,0.1,2.161090791656201,10,0.9674185463659148,0.9891395154553049,4,not stated in downloaded chart,https://imaging.nikon.com/imaging/lineup/lens/z-mount/z_24-70mmf4s/img/mtf_wide.jpg,3a25e01d83d75e517d16694051518ea9c647c18f729df54f9209729e075c9f62,0.035,0.9702873494961353,0.9656697660160102
nikon-z-24-70f4s,0,0.1,2.161090791656201,30,0.8036758563074353,0.8755221386800334,4,not stated in downloaded chart,https://imaging.nikon.com/imaging/lineup/lens/z-mount/z_24-70mmf4s/img/mtf_wide.jpg,3a25e01d83d75e517d16694051518ea9c647c18f729df54f9209729e075c9f62,0.035,0.856830255112336,0.8238539077266033
nikon-z-24-70f4s,0,0.2,4.322055997728232,10,0.9540517961570594,0.985797827903091,4,not stated in downloaded chart,https://imaging.nikon.com/imaging/lineup/lens/z-mount/z_24-70mmf4s/img/mtf_wide.jpg,3a25e01d83d75e517d16694051518ea9c647c18f729df54f9209729e075c9f62,0.035,0.9658409150436262,0.9526837332306313
nikon-z-24-70f4s,0,0.2,4.322055997728232,30,0.7468671679197996,0.8471177944862156,4,not stated in downloaded chart,https://imaging.nikon.com/imaging/lineup/lens/z-mount/z_24-70mmf4s/img/mtf_wide.jpg,3a25e01d83d75e517d16694051518ea9c647c18f729df54f9209729e075c9f62,0.035,0.824003519190788,0.7345334663792316
nikon-z-24-70f4s,0,0.3,6.482869139966684,10,0.9440267335004178,0.9824561403508771,4,not stated in downloaded chart,https://imaging.nikon.com/imaging/lineup/lens/z-mount/z_24-70mmf4s/img/mtf_wide.jpg,3a25e01d83d75e517d16694051518ea9c647c18f729df54f9209729e075c9f62,0.035,0.9617467551638538,0.9419972846450418
nikon-z-24-70f4s,0,0.3,6.482869139966684,30,0.7034252297410193,0.8287385129490392,4,not stated in downloaded chart,https://imaging.nikon.com/imaging/lineup/lens/z-mount/z_24-70mmf4s/img/mtf_wide.jpg,3a25e01d83d75e517d16694051518ea9c647c18f729df54f9209729e075c9f62,0.035,0.7981282736068981,0.6627110193666634
nikon-z-24-70f4s,0,0.4,8.643821793332998,10,0.935672514619883,0.9791144527986633,4,not stated in downloaded chart,https://imaging.nikon.com/imaging/lineup/lens/z-mount/z_24-70mmf4s/img/mtf_wide.jpg,3a25e01d83d75e517d16694051518ea9c647c18f729df54f9209729e075c9f62,0.035,0.9588657600407133,0.9345354513505681
nikon-z-24-70f4s,0,0.4,8.643821793332998,30,0.6934001670843777,0.8170426065162908,4,not stated in downloaded chart,https://imaging.nikon.com/imaging/lineup/lens/z-mount/z_24-70mmf4s/img/mtf_wide.jpg,3a25e01d83d75e517d16694051518ea9c647c18f729df54f9209729e075c9f62,0.035,0.7901904366498725,0.6250278612808661
nikon-z-24-70f4s,0,0.5,10.804474000868941,10,0.9323308270676691,0.9774436090225564,4,not stated in downloaded chart,https://imaging.nikon.com/imaging/lineup/lens/z-mount/z_24-70mmf4s/img/mtf_wide.jpg,3a25e01d83d75e517d16694051518ea9c647c18f729df54f9209729e075c9f62,0.035,0.9628370987370264,0.9444861133871866
nikon-z-24-70f4s,0,0.5,10.804474000868941,30,0.68671679197995,0.8153717627401837,4,not stated in downloaded chart,https://imaging.nikon.com/imaging/lineup/lens/z-mount/z_24-70mmf4s/img/mtf_wide.jpg,3a25e01d83d75e517d16694051518ea9c647c18f729df54f9209729e075c9f62,0.035,0.8065279050807244,0.6846423908327668
nikon-z-24-70f4s,0,0.6,12.964996211047154,10,0.9340016708437762,0.9807852965747703,4,not stated in downloaded chart,https://imaging.nikon.com/imaging/lineup/lens/z-mount/z_24-70mmf4s/img/mtf_wide.jpg,3a25e01d83d75e517d16694051518ea9c647c18f729df54f9209729e075c9f62,0.035,0.9666308445980736,0.9482205609497397
nikon-z-24-70f4s,0,0.6,12.964996211047154,30,0.6883876357560568,0.8387635756056808,4,not stated in downloaded chart,https://imaging.nikon.com/imaging/lineup/lens/z-mount/z_24-70mmf4s/img/mtf_wide.jpg,3a25e01d83d75e517d16694051518ea9c647c18f729df54f9209729e075c9f62,0.035,0.8376022383859686,0.7195890410995196
nikon-z-24-70f4s,0,0.7,15.125451392739024,10,0.935672514619883,0.9841269841269842,4,not stated in downloaded chart,https://imaging.nikon.com/imaging/lineup/lens/z-mount/z_24-70mmf4s/img/mtf_wide.jpg,3a25e01d83d75e517d16694051518ea9c647c18f729df54f9209729e075c9f62,0.035,0.9699882785676024,0.9257968448689273
nikon-z-24-70f4s,0,0.7,15.125451392739024,30,0.6783625730994152,0.8604845446950711,4,not stated in downloaded chart,https://imaging.nikon.com/imaging/lineup/lens/z-mount/z_24-70mmf4s/img/mtf_wide.jpg,3a25e01d83d75e517d16694051518ea9c647c18f729df54f9209729e075c9f62,0.035,0.864154185493974,0.6100161430801032
nikon-z-24-70f4s,0,0.8,17.28541428122781,10,0.9206349206349207,0.9841269841269842,4,not stated in downloaded chart,https://imaging.nikon.com/imaging/lineup/lens/z-mount/z_24-70mmf4s/img/mtf_wide.jpg,3a25e01d83d75e517d16694051518ea9c647c18f729df54f9209729e075c9f62,0.035,0.9680140655998245,0.9045200544650003
nikon-z-24-70f4s,0,0.8,17.28541428122781,30,0.6048454469507101,0.8654970760233918,4,not stated in downloaded chart,https://imaging.nikon.com/imaging/lineup/lens/z-mount/z_24-70mmf4s/img/mtf_wide.jpg,3a25e01d83d75e517d16694051518ea9c647c18f729df54f9209729e075c9f62,0.035,0.8516053629496385,0.5364634703501331
nikon-z-24-70f4s,0,0.9,19.445237840596185,10,0.9072681704260652,0.9841269841269842,4,not stated in downloaded chart,https://imaging.nikon.com/imaging/lineup/lens/z-mount/z_24-70mmf4s/img/mtf_wide.jpg,3a25e01d83d75e517d16694051518ea9c647c18f729df54f9209729e075c9f62,0.035,0.9559985437379782,0.8387922591206299
nikon-z-24-70f4s,0,0.9,19.445237840596185,30,0.5547201336675021,0.8504594820384295,4,not stated in downloaded chart,https://imaging.nikon.com/imaging/lineup/lens/z-mount/z_24-70mmf4s/img/mtf_wide.jpg,3a25e01d83d75e517d16694051518ea9c647c18f729df54f9209729e075c9f62,0.035,0.7685283080262598,0.34430661237480287
nikon-z-24-70f4s,0,1,21.604507870408366,10,0.9005847953216375,0.9791144527986633,4,not stated in downloaded chart,https://imaging.nikon.com/imaging/lineup/lens/z-mount/z_24-70mmf4s/img/mtf_wide.jpg,3a25e01d83d75e517d16694051518ea9c647c18f729df54f9209729e075c9f62,0.035,0.9294272924614841,0.6871108377449424
nikon-z-24-70f4s,0,1,21.604507870408366,30,0.5296574770258982,0.808688387635756,4,not stated in downloaded chart,https://imaging.nikon.com/imaging/lineup/lens/z-mount/z_24-70mmf4s/img/mtf_wide.jpg,3a25e01d83d75e517d16694051518ea9c647c18f729df54f9209729e075c9f62,0.035,0.5733066789383084,0.20108551324346502
nikon-z-24-70f4s,1,0,0,10,0.988313856427379,0.998330550918197,4,not stated in downloaded chart,https://imaging.nikon.com/imaging/lineup/lens/z-mount/z_24-70mmf4s/img/mtf_tele.jpg,83ac414eabb66b8827525ef6a788760f933c8902ef989c663654c37f2bca2ae1,0.035,0.9753593981029509,0.9753593981029388
nikon-z-24-70f4s,1,0,0,30,0.9365609348914858,0.9499165275459098,4,not stated in downloaded chart,https://imaging.nikon.com/imaging/lineup/lens/z-mount/z_24-70mmf4s/img/mtf_tele.jpg,83ac414eabb66b8827525ef6a788760f933c8902ef989c663654c37f2bca2ae1,0.035,0.8973917282551163,0.8973917282551227
nikon-z-24-70f4s,1,0.1,2.165609195547323,10,0.9833055091819699,0.998330550918197,4,not stated in downloaded chart,https://imaging.nikon.com/imaging/lineup/lens/z-mount/z_24-70mmf4s/img/mtf_tele.jpg,83ac414eabb66b8827525ef6a788760f933c8902ef989c663654c37f2bca2ae1,0.035,0.9746334458731643,0.974100484828113
nikon-z-24-70f4s,1,0.1,2.165609195547323,30,0.9098497495826378,0.9499165275459098,4,not stated in downloaded chart,https://imaging.nikon.com/imaging/lineup/lens/z-mount/z_24-70mmf4s/img/mtf_tele.jpg,83ac414eabb66b8827525ef6a788760f933c8902ef989c663654c37f2bca2ae1,0.035,0.8947332779883033,0.8919817586686043
nikon-z-24-70f4s,1,0.2,4.331377201476602,10,0.9782971619365609,0.998330550918197,4,not stated in downloaded chart,https://imaging.nikon.com/imaging/lineup/lens/z-mount/z_24-70mmf4s/img/mtf_tele.jpg,83ac414eabb66b8827525ef6a788760f933c8902ef989c663654c37f2bca2ae1,0.035,0.9726488708504484,0.972701309835533
nikon-z-24-70f4s,1,0.2,4.331377201476602,30,0.8764607679465777,0.9465776293823038,4,not stated in downloaded chart,https://imaging.nikon.com/imaging/lineup/lens/z-mount/z_24-70mmf4s/img/mtf_tele.jpg,83ac414eabb66b8827525ef6a788760f933c8902ef989c663654c37f2bca2ae1,0.035,0.8812063112476731,0.8824414783050477
nikon-z-24-70f4s,1,0.3,6.497041851714158,10,0.9716193656093489,0.993322203672788,4,not stated in downloaded chart,https://imaging.nikon.com/imaging/lineup/lens/z-mount/z_24-70mmf4s/img/mtf_tele.jpg,83ac414eabb66b8827525ef6a788760f933c8902ef989c663654c37f2bca2ae1,0.035,0.9658584039830085,0.9672483494891244
nikon-z-24-70f4s,1,0.3,6.497041851714158,30,0.8397328881469115,0.9148580968280468,4,not stated in downloaded chart,https://imaging.nikon.com/imaging/lineup/lens/z-mount/z_24-70mmf4s/img/mtf_tele.jpg,83ac414eabb66b8827525ef6a788760f933c8902ef989c663654c37f2bca2ae1,0.035,0.8409440845111783,0.8477329917276266
nikon-z-24-70f4s,1,0.4,8.662764309037396,10,0.9632721202003339,0.9816360601001669,4,not stated in downloaded chart,https://imaging.nikon.com/imaging/lineup/lens/z-mount/z_24-70mmf4s/img/mtf_tele.jpg,83ac414eabb66b8827525ef6a788760f933c8902ef989c663654c37f2bca2ae1,0.035,0.9493873885904293,0.9535520548883584
nikon-z-24-70f4s,1,0.4,8.662764309037396,30,0.7963272120200334,0.8447412353923205,4,not stated in downloaded chart,https://imaging.nikon.com/imaging/lineup/lens/z-mount/z_24-70mmf4s/img/mtf_tele.jpg,83ac414eabb66b8827525ef6a788760f933c8902ef989c663654c37f2bca2ae1,0.035,0.7634864940859689,0.7876518754713369
nikon-z-24-70f4s,1,0.5,10.828571459790505,10,0.9515859766277128,0.9666110183639399,4,not stated in downloaded chart,https://imaging.nikon.com/imaging/lineup/lens/z-mount/z_24-70mmf4s/img/mtf_tele.jpg,83ac414eabb66b8827525ef6a788760f933c8902ef989c663654c37f2bca2ae1,0.035,0.9217001544434563,0.9336928322469421
nikon-z-24-70f4s,1,0.5,10.828571459790505,30,0.7362270450751252,0.7796327212020033,4,not stated in downloaded chart,https://imaging.nikon.com/imaging/lineup/lens/z-mount/z_24-70mmf4s/img/mtf_tele.jpg,83ac414eabb66b8827525ef6a788760f933c8902ef989c663654c37f2bca2ae1,0.035,0.6743441830382766,0.7331755836306243
nikon-z-24-70f4s,1,0.6,12.994397890187916,10,0.9248747913188647,0.9599332220367279,4,not stated in downloaded chart,https://imaging.nikon.com/imaging/lineup/lens/z-mount/z_24-70mmf4s/img/mtf_tele.jpg,83ac414eabb66b8827525ef6a788760f933c8902ef989c663654c37f2bca2ae1,0.035,0.8833162688417298,0.9077730549109794
nikon-z-24-70f4s,1,0.6,12.994397890187916,30,0.682804674457429,0.7612687813021703,4,not stated in downloaded chart,https://imaging.nikon.com/imaging/lineup/lens/z-mount/z_24-70mmf4s/img/mtf_tele.jpg,83ac414eabb66b8827525ef6a788760f933c8902ef989c663654c37f2bca2ae1,0.035,0.6077766004715547,0.6938872226192562
nikon-z-24-70f4s,1,0.7,15.160277389522932,10,0.8898163606010017,0.9532554257095158,4,not stated in downloaded chart,https://imaging.nikon.com/imaging/lineup/lens/z-mount/z_24-70mmf4s/img/mtf_tele.jpg,83ac414eabb66b8827525ef6a788760f933c8902ef989c663654c37f2bca2ae1,0.035,0.8390030402357278,0.8792062259378897
nikon-z-24-70f4s,1,0.7,15.160277389522932,30,0.6310517529215358,0.7545909849749582,4,not stated in downloaded chart,https://imaging.nikon.com/imaging/lineup/lens/z-mount/z_24-70mmf4s/img/mtf_tele.jpg,83ac414eabb66b8827525ef6a788760f933c8902ef989c663654c37f2bca2ae1,0.035,0.5689574797200151,0.6548114615453344
nikon-z-24-70f4s,1,0.8,17.32628232255975,10,0.8313856427378965,0.9565943238731218,4,not stated in downloaded chart,https://imaging.nikon.com/imaging/lineup/lens/z-mount/z_24-70mmf4s/img/mtf_tele.jpg,83ac414eabb66b8827525ef6a788760f933c8902ef989c663654c37f2bca2ae1,0.035,0.7948393688437705,0.841375017876211
nikon-z-24-70f4s,1,0.8,17.32628232255975,30,0.5642737896494157,0.7345575959933222,4,not stated in downloaded chart,https://imaging.nikon.com/imaging/lineup/lens/z-mount/z_24-70mmf4s/img/mtf_tele.jpg,83ac414eabb66b8827525ef6a788760f933c8902ef989c663654c37f2bca2ae1,0.035,0.5427266773688615,0.5680757909001972
nikon-z-24-70f4s,1,0.9,19.49231249060794,10,0.8096828046744574,0.9549248747913188,4,not stated in downloaded chart,https://imaging.nikon.com/imaging/lineup/lens/z-mount/z_24-70mmf4s/img/mtf_tele.jpg,83ac414eabb66b8827525ef6a788760f933c8902ef989c663654c37f2bca2ae1,0.035,0.7265846142414204,0.8388477167544663
nikon-z-24-70f4s,1,0.9,19.49231249060794,30,0.5425709515859767,0.6961602671118531,4,not stated in downloaded chart,https://imaging.nikon.com/imaging/lineup/lens/z-mount/z_24-70mmf4s/img/mtf_tele.jpg,83ac414eabb66b8827525ef6a788760f933c8902ef989c663654c37f2bca2ae1,0.035,0.4906668174603587,0.5149308434416153
nikkor-z-35f18s,0,0,0,10,0.9623745819397993,0.9740802675585284,1.8,not stated in downloaded chart,https://imaging.nikon.com/imaging/lineup/lens/z-mount/z_35mmf18s/img/mtf.jpg,ce7f243b0d9052045c2bd1a6cb415c33f1b0866d8a5f6ce525add61eda4b48c1,0.035,0.9773820131454174,0.9773820131454223
nikkor-z-35f18s,0,0,0,30,0.7717391304347826,0.7834448160535117,1.8,not stated in downloaded chart,https://imaging.nikon.com/imaging/lineup/lens/z-mount/z_35mmf18s/img/mtf.jpg,ce7f243b0d9052045c2bd1a6cb415c33f1b0866d8a5f6ce525add61eda4b48c1,0.035,0.8578697936034119,0.8578697936034101
nikkor-z-35f18s,0,0.1,2.1653498316268163,10,0.9623745819397993,0.9724080267558528,1.8,not stated in downloaded chart,https://imaging.nikon.com/imaging/lineup/lens/z-mount/z_35mmf18s/img/mtf.jpg,ce7f243b0d9052045c2bd1a6cb415c33f1b0866d8a5f6ce525add61eda4b48c1,0.035,0.9771971229570577,0.9752769754091258
nikkor-z-35f18s,0,0.1,2.1653498316268163,30,0.7617056856187291,0.7750836120401338,1.8,not stated in downloaded chart,https://imaging.nikon.com/imaging/lineup/lens/z-mount/z_35mmf18s/img/mtf.jpg,ce7f243b0d9052045c2bd1a6cb415c33f1b0866d8a5f6ce525add61eda4b48c1,0.035,0.8555760812867838,0.8443010750985237
nikkor-z-35f18s,0,0.2,4.330946620530721,10,0.9607023411371237,0.9707357859531772,1.8,not stated in downloaded chart,https://imaging.nikon.com/imaging/lineup/lens/z-mount/z_35mmf18s/img/mtf.jpg,ce7f243b0d9052045c2bd1a6cb415c33f1b0866d8a5f6ce525add61eda4b48c1,0.035,0.9761985244026102,0.9726912274352356
nikkor-z-35f18s,0,0.2,4.330946620530721,30,0.75,0.7633779264214047,1.8,not stated in downloaded chart,https://imaging.nikon.com/imaging/lineup/lens/z-mount/z_35mmf18s/img/mtf.jpg,ce7f243b0d9052045c2bd1a6cb415c33f1b0866d8a5f6ce525add61eda4b48c1,0.035,0.8451090268325253,0.8236834253188352
nikkor-z-35f18s,0,0.3,6.496377728206812,10,0.9573578595317725,0.9690635451505016,1.8,not stated in downloaded chart,https://imaging.nikon.com/imaging/lineup/lens/z-mount/z_35mmf18s/img/mtf.jpg,ce7f243b0d9052045c2bd1a6cb415c33f1b0866d8a5f6ce525add61eda4b48c1,0.035,0.9736326730956479,0.9730599413694847
nikkor-z-35f18s,0,0.3,6.496377728206812,30,0.729933110367893,0.7483277591973244,1.8,not stated in downloaded chart,https://imaging.nikon.com/imaging/lineup/lens/z-mount/z_35mmf18s/img/mtf.jpg,ce7f243b0d9052045c2bd1a6cb415c33f1b0866d8a5f6ce525add61eda4b48c1,0.035,0.8246466268121379,0.8230583282382069
nikkor-z-35f18s,0,0.4,8.66202552386282,10,0.9540133779264214,0.967391304347826,1.8,not stated in downloaded chart,https://imaging.nikon.com/imaging/lineup/lens/z-mount/z_35mmf18s/img/mtf.jpg,ce7f243b0d9052045c2bd1a6cb415c33f1b0866d8a5f6ce525add61eda4b48c1,0.035,0.969605064418934,0.9682279750420142
nikkor-z-35f18s,0,0.4,8.66202552386282,30,0.7065217391304348,0.7265886287625418,1.8,not stated in downloaded chart,https://imaging.nikon.com/imaging/lineup/lens/z-mount/z_35mmf18s/img/mtf.jpg,ce7f243b0d9052045c2bd1a6cb415c33f1b0866d8a5f6ce525add61eda4b48c1,0.035,0.7964341738670542,0.7910739743820163
nikkor-z-35f18s,0,0.5,10.82776580943234,10,0.9506688963210702,0.9623745819397993,1.8,not stated in downloaded chart,https://imaging.nikon.com/imaging/lineup/lens/z-mount/z_35mmf18s/img/mtf.jpg,ce7f243b0d9052045c2bd1a6cb415c33f1b0866d8a5f6ce525add61eda4b48c1,0.035,0.965853062446374,0.9546244616788542
nikkor-z-35f18s,0,0.5,10.82776580943234,30,0.689799331103679,0.7065217391304348,1.8,not stated in downloaded chart,https://imaging.nikon.com/imaging/lineup/lens/z-mount/z_35mmf18s/img/mtf.jpg,ce7f243b0d9052045c2bd1a6cb415c33f1b0866d8a5f6ce525add61eda4b48c1,0.035,0.7684082736829582,0.7077067464513533
nikkor-z-35f18s,0,0.6,12.993531893032301,10,0.9389632107023411,0.9623745819397993,1.8,not stated in downloaded chart,https://imaging.nikon.com/imaging/lineup/lens/z-mount/z_35mmf18s/img/mtf.jpg,ce7f243b0d9052045c2bd1a6cb415c33f1b0866d8a5f6ce525add61eda4b48c1,0.035,0.9629205949585341,0.9384061068817604
nikkor-z-35f18s,0,0.6,12.993531893032301,30,0.6914715719063544,0.7048494983277591,1.8,not stated in downloaded chart,https://imaging.nikon.com/imaging/lineup/lens/z-mount/z_35mmf18s/img/mtf.jpg,ce7f243b0d9052045c2bd1a6cb415c33f1b0866d8a5f6ce525add61eda4b48c1,0.035,0.7525364304112792,0.6613155844260045
nikkor-z-35f18s,0,0.7,15.159551729577924,10,0.9255852842809364,0.9623745819397993,1.8,not stated in downloaded chart,https://imaging.nikon.com/imaging/lineup/lens/z-mount/z_35mmf18s/img/mtf.jpg,ce7f243b0d9052045c2bd1a6cb415c33f1b0866d8a5f6ce525add61eda4b48c1,0.035,0.9631642191955324,0.9269130515008964
nikkor-z-35f18s,0,0.7,15.159551729577924,30,0.6831103678929766,0.709866220735786,1.8,not stated in downloaded chart,https://imaging.nikon.com/imaging/lineup/lens/z-mount/z_35mmf18s/img/mtf.jpg,ce7f243b0d9052045c2bd1a6cb415c33f1b0866d8a5f6ce525add61eda4b48c1,0.035,0.7472631313009499,0.6861131195200382
nikkor-z-35f18s,0,0.8,17.32556080313421,10,0.9055183946488294,0.9540133779264214,1.8,not stated in downloaded chart,https://imaging.nikon.com/imaging/lineup/lens/z-mount/z_35mmf18s/img/mtf.jpg,ce7f243b0d9052045c2bd1a6cb415c33f1b0866d8a5f6ce525add61eda4b48c1,0.035,0.9523981214234407,0.9093602656757884
nikkor-z-35f18s,0,0.8,17.32556080313421,30,0.6329431438127091,0.701505016722408,1.8,not stated in downloaded chart,https://imaging.nikon.com/imaging/lineup/lens/z-mount/z_35mmf18s/img/mtf.jpg,ce7f243b0d9052045c2bd1a6cb415c33f1b0866d8a5f6ce525add61eda4b48c1,0.035,0.6933112526031048,0.6691338564797197
nikkor-z-35f18s,0,0.9,19.49159352582398,10,0.8754180602006689,0.9122073578595318,1.8,not stated in downloaded chart,https://imaging.nikon.com/imaging/lineup/lens/z-mount/z_35mmf18s/img/mtf.jpg,ce7f243b0d9052045c2bd1a6cb415c33f1b0866d8a5f6ce525add61eda4b48c1,0.035,0.912850470881583,0.8831336783783266
nikkor-z-35f18s,0,0.9,19.49159352582398,30,0.49080267558528423,0.6279264214046822,1.8,not stated in downloaded chart,https://imaging.nikon.com/imaging/lineup/lens/z-mount/z_35mmf18s/img/mtf.jpg,ce7f243b0d9052045c2bd1a6cb415c33f1b0866d8a5f6ce525add61eda4b48c1,0.035,0.5491570393724073,0.5122252412075851
nikkor-z50f12,0,0,0,10,0.9628378378378378,0.972972972972973,1.2,not stated in downloaded chart,https://imaging.nikon.com/imaging/lineup/lens/z-mount/z_50mmf12s/img/mtf.jpg,e9978230345ce69061e349172192ad8216868d57d1f787f49c79c97cd44d644c,0.035,0.9777698038723723,0.9777698038723687
nikkor-z50f12,0,0,0,30,0.785472972972973,0.7989864864864865,1.2,not stated in downloaded chart,https://imaging.nikon.com/imaging/lineup/lens/z-mount/z_50mmf12s/img/mtf.jpg,e9978230345ce69061e349172192ad8216868d57d1f787f49c79c97cd44d644c,0.035,0.8467101255345217,0.8467101255345106
nikkor-z50f12,0,0.1,2.162715150876241,10,0.9611486486486487,0.9746621621621622,1.2,not stated in downloaded chart,https://imaging.nikon.com/imaging/lineup/lens/z-mount/z_50mmf12s/img/mtf.jpg,e9978230345ce69061e349172192ad8216868d57d1f787f49c79c97cd44d644c,0.035,0.9770977092208355,0.9716356684581651
nikkor-z50f12,0,0.1,2.162715150876241,30,0.7652027027027027,0.8125,1.2,not stated in downloaded chart,https://imaging.nikon.com/imaging/lineup/lens/z-mount/z_50mmf12s/img/mtf.jpg,e9978230345ce69061e349172192ad8216868d57d1f787f49c79c97cd44d644c,0.035,0.8427630439407482,0.8136766358524866
nikkor-z50f12,0,0.2,4.325428847576946,10,0.9594594594594594,0.9746621621621622,1.2,not stated in downloaded chart,https://imaging.nikon.com/imaging/lineup/lens/z-mount/z_50mmf12s/img/mtf.jpg,e9978230345ce69061e349172192ad8216868d57d1f787f49c79c97cd44d644c,0.035,0.9747267920830146,0.9627784559772069
nikkor-z50f12,0,0.2,4.325428847576946,30,0.7483108108108107,0.8192567567567568,1.2,not stated in downloaded chart,https://imaging.nikon.com/imaging/lineup/lens/z-mount/z_50mmf12s/img/mtf.jpg,e9978230345ce69061e349172192ad8216868d57d1f787f49c79c97cd44d644c,0.035,0.8302566424531755,0.7695870063086035
nikkor-z50f12,0,0.3,6.488181823304003,10,0.956081081081081,0.9695945945945946,1.2,not stated in downloaded chart,https://imaging.nikon.com/imaging/lineup/lens/z-mount/z_50mmf12s/img/mtf.jpg,e9978230345ce69061e349172192ad8216868d57d1f787f49c79c97cd44d644c,0.035,0.9673998639080922,0.9526007698241507
nikkor-z50f12,0,0.3,6.488181823304003,30,0.7314189189189189,0.8057432432432432,1.2,not stated in downloaded chart,https://imaging.nikon.com/imaging/lineup/lens/z-mount/z_50mmf12s/img/mtf.jpg,e9978230345ce69061e349172192ad8216868d57d1f787f49c79c97cd44d644c,0.035,0.7901223062540562,0.7318979907121841
nikkor-z50f12,0,0.4,8.651085802591734,10,0.9408783783783784,0.964527027027027,1.2,not stated in downloaded chart,https://imaging.nikon.com/imaging/lineup/lens/z-mount/z_50mmf12s/img/mtf.jpg,e9978230345ce69061e349172192ad8216868d57d1f787f49c79c97cd44d644c,0.035,0.9506810311614405,0.9431892065087795
nikkor-z50f12,0,0.4,8.651085802591734,30,0.7162162162162162,0.7601351351351351,1.2,not stated in downloaded chart,https://imaging.nikon.com/imaging/lineup/lens/z-mount/z_50mmf12s/img/mtf.jpg,e9978230345ce69061e349172192ad8216868d57d1f787f49c79c97cd44d644c,0.035,0.7222917363575599,0.7028687972789572
nikkor-z50f12,0,0.5,10.813992833202837,10,0.9206081081081081,0.9628378378378378,1.2,not stated in downloaded chart,https://imaging.nikon.com/imaging/lineup/lens/z-mount/z_50mmf12s/img/mtf.jpg,e9978230345ce69061e349172192ad8216868d57d1f787f49c79c97cd44d644c,0.035,0.9231769288630878,0.9307397847376044
nikkor-z50f12,0,0.5,10.813992833202837,30,0.6908783783783784,0.7179054054054055,1.2,not stated in downloaded chart,https://imaging.nikon.com/imaging/lineup/lens/z-mount/z_50mmf12s/img/mtf.jpg,e9978230345ce69061e349172192ad8216868d57d1f787f49c79c97cd44d644c,0.035,0.6675214125597284,0.6622078895145674
nikkor-z50f12,0,0.6,12.976895279957688,10,0.8935810810810811,0.964527027027027,1.2,not stated in downloaded chart,https://imaging.nikon.com/imaging/lineup/lens/z-mount/z_50mmf12s/img/mtf.jpg,e9978230345ce69061e349172192ad8216868d57d1f787f49c79c97cd44d644c,0.035,0.8871179645148238,0.9194548244188825
nikkor-z50f12,0,0.6,12.976895279957688,30,0.6706081081081081,0.7246621621621622,1.2,not stated in downloaded chart,https://imaging.nikon.com/imaging/lineup/lens/z-mount/z_50mmf12s/img/mtf.jpg,e9978230345ce69061e349172192ad8216868d57d1f787f49c79c97cd44d644c,0.035,0.6404541452459548,0.6582810072723776
nikkor-z50f12,0,0.7,15.139950453701369,10,0.8665540540540541,0.9662162162162162,1.2,not stated in downloaded chart,https://imaging.nikon.com/imaging/lineup/lens/z-mount/z_50mmf12s/img/mtf.jpg,e9978230345ce69061e349172192ad8216868d57d1f787f49c79c97cd44d644c,0.035,0.8461629267603014,0.9244063038769362
nikkor-z50f12,0,0.7,15.139950453701369,30,0.6537162162162162,0.7297297297297297,1.2,not stated in downloaded chart,https://imaging.nikon.com/imaging/lineup/lens/z-mount/z_50mmf12s/img/mtf.jpg,e9978230345ce69061e349172192ad8216868d57d1f787f49c79c97cd44d644c,0.035,0.6160307809172418,0.6691194635389441
nikkor-z50f12,0,0.8,17.303063786816132,10,0.8445945945945946,0.9577702702702703,1.2,not stated in downloaded chart,https://imaging.nikon.com/imaging/lineup/lens/z-mount/z_50mmf12s/img/mtf.jpg,e9978230345ce69061e349172192ad8216868d57d1f787f49c79c97cd44d644c,0.035,0.8103625609761737,0.9235992852857248
nikkor-z50f12,0,0.8,17.303063786816132,30,0.6283783783783784,0.6976351351351351,1.2,not stated in downloaded chart,https://imaging.nikon.com/imaging/lineup/lens/z-mount/z_50mmf12s/img/mtf.jpg,e9978230345ce69061e349172192ad8216868d57d1f787f49c79c97cd44d644c,0.035,0.588741460316312,0.6650185770358839
nikkor-z50f12,0,0.9,19.46590518254252,10,0.8412162162162162,0.9358108108108109,1.2,not stated in downloaded chart,https://imaging.nikon.com/imaging/lineup/lens/z-mount/z_50mmf12s/img/mtf.jpg,e9978230345ce69061e349172192ad8216868d57d1f787f49c79c97cd44d644c,0.035,0.7861312712481069,0.8897597012618732
nikkor-z50f12,0,0.9,19.46590518254252,30,0.5861486486486487,0.6283783783783784,1.2,not stated in downloaded chart,https://imaging.nikon.com/imaging/lineup/lens/z-mount/z_50mmf12s/img/mtf.jpg,e9978230345ce69061e349172192ad8216868d57d1f787f49c79c97cd44d644c,0.035,0.5510003584163038,0.6010572834788606
nikkor-z-85f18s,0,0,0,10,0.975609756097561,0.9873843566021867,1.8,not stated in downloaded chart,https://imaging.nikon.com/imaging/lineup/lens/z-mount/z_85mmf18s/img/mtf.jpg,2a6880c7384d3746b4942accad57dcf6c6c3c4b7081762751e54a9da81cafdc3,0.035,0.9531188296719155,0.953118829671911
nikkor-z-85f18s,0,0,0,30,0.8511354079058032,0.864592094196804,1.8,not stated in downloaded chart,https://imaging.nikon.com/imaging/lineup/lens/z-mount/z_85mmf18s/img/mtf.jpg,2a6880c7384d3746b4942accad57dcf6c6c3c4b7081762751e54a9da81cafdc3,0.035,0.6863401008036231,0.6863401008036218
nikkor-z-85f18s,0,0.1,2.1614254663266625,10,0.9722455845248108,0.9873843566021867,1.8,not stated in downloaded chart,https://imaging.nikon.com/imaging/lineup/lens/z-mount/z_85mmf18s/img/mtf.jpg,2a6880c7384d3746b4942accad57dcf6c6c3c4b7081762751e54a9da81cafdc3,0.035,0.9486656938002835,0.9359227375326402
nikkor-z-85f18s,0,0.1,2.1614254663266625,30,0.8410428931875525,0.8696383515559294,1.8,not stated in downloaded chart,https://imaging.nikon.com/imaging/lineup/lens/z-mount/z_85mmf18s/img/mtf.jpg,2a6880c7384d3746b4942accad57dcf6c6c3c4b7081762751e54a9da81cafdc3,0.035,0.6756513564085623,0.6809163719526423
nikkor-z-85f18s,0,0.2,4.3226809620075395,10,0.9688814129520605,0.9890664423885618,1.8,not stated in downloaded chart,https://imaging.nikon.com/imaging/lineup/lens/z-mount/z_85mmf18s/img/mtf.jpg,2a6880c7384d3746b4942accad57dcf6c6c3c4b7081762751e54a9da81cafdc3,0.035,0.9345189419116935,0.8865291940197433
nikkor-z-85f18s,0,0.2,4.3226809620075395,30,0.8275862068965517,0.8746846089150546,1.8,not stated in downloaded chart,https://imaging.nikon.com/imaging/lineup/lens/z-mount/z_85mmf18s/img/mtf.jpg,2a6880c7384d3746b4942accad57dcf6c6c3c4b7081762751e54a9da81cafdc3,0.035,0.6568765521135669,0.6680638581909376
nikkor-z-85f18s,0,0.3,6.4840405414104,10,0.9655172413793104,0.9873843566021867,1.8,not stated in downloaded chart,https://imaging.nikon.com/imaging/lineup/lens/z-mount/z_85mmf18s/img/mtf.jpg,2a6880c7384d3746b4942accad57dcf6c6c3c4b7081762751e54a9da81cafdc3,0.035,0.9107089513369665,0.830944199793986
nikkor-z-85f18s,0,0.3,6.4840405414104,30,0.8191757779646762,0.8763666947014298,1.8,not stated in downloaded chart,https://imaging.nikon.com/imaging/lineup/lens/z-mount/z_85mmf18s/img/mtf.jpg,2a6880c7384d3746b4942accad57dcf6c6c3c4b7081762751e54a9da81cafdc3,0.035,0.6578978340161032,0.6175814757546727
nikkor-z-85f18s,0,0.4,8.645378995541614,10,0.9638351555929352,0.9890664423885618,1.8,not stated in downloaded chart,https://imaging.nikon.com/imaging/lineup/lens/z-mount/z_85mmf18s/img/mtf.jpg,2a6880c7384d3746b4942accad57dcf6c6c3c4b7081762751e54a9da81cafdc3,0.035,0.894285552477572,0.8048559717308835
nikkor-z-85f18s,0,0.4,8.645378995541614,30,0.8141295206055509,0.8763666947014298,1.8,not stated in downloaded chart,https://imaging.nikon.com/imaging/lineup/lens/z-mount/z_85mmf18s/img/mtf.jpg,2a6880c7384d3746b4942accad57dcf6c6c3c4b7081762751e54a9da81cafdc3,0.035,0.6721618630300855,0.5762590401320382
nikkor-z-85f18s,0,0.5,10.806746863333743,10,0.9621530698065601,0.9873843566021867,1.8,not stated in downloaded chart,https://imaging.nikon.com/imaging/lineup/lens/z-mount/z_85mmf18s/img/mtf.jpg,2a6880c7384d3746b4942accad57dcf6c6c3c4b7081762751e54a9da81cafdc3,0.035,0.8865212560442749,0.7889101995957897
nikkor-z-85f18s,0,0.5,10.806746863333743,30,0.8107653490328006,0.8696383515559294,1.8,not stated in downloaded chart,https://imaging.nikon.com/imaging/lineup/lens/z-mount/z_85mmf18s/img/mtf.jpg,2a6880c7384d3746b4942accad57dcf6c6c3c4b7081762751e54a9da81cafdc3,0.035,0.6704519249456923,0.531072732701135
nikkor-z-85f18s,0,0.6,12.96816989253887,10,0.9638351555929352,0.9857022708158116,1.8,not stated in downloaded chart,https://imaging.nikon.com/imaging/lineup/lens/z-mount/z_85mmf18s/img/mtf.jpg,2a6880c7384d3746b4942accad57dcf6c6c3c4b7081762751e54a9da81cafdc3,0.035,0.8860296668483688,0.7810279000947798
nikkor-z-85f18s,0,0.6,12.96816989253887,30,0.8124474348191758,0.8511354079058032,1.8,not stated in downloaded chart,https://imaging.nikon.com/imaging/lineup/lens/z-mount/z_85mmf18s/img/mtf.jpg,2a6880c7384d3746b4942accad57dcf6c6c3c4b7081762751e54a9da81cafdc3,0.035,0.6494473231944944,0.5061677908080373
nikkor-z-85f18s,0,0.7,15.129566083619903,10,0.9655172413793104,0.9806560134566863,1.8,not stated in downloaded chart,https://imaging.nikon.com/imaging/lineup/lens/z-mount/z_85mmf18s/img/mtf.jpg,2a6880c7384d3746b4942accad57dcf6c6c3c4b7081762751e54a9da81cafdc3,0.035,0.8942610460247281,0.780375492809296
nikkor-z-85f18s,0,0.7,15.129566083619903,30,0.7939444911690496,0.8208578637510513,1.8,not stated in downloaded chart,https://imaging.nikon.com/imaging/lineup/lens/z-mount/z_85mmf18s/img/mtf.jpg,2a6880c7384d3746b4942accad57dcf6c6c3c4b7081762751e54a9da81cafdc3,0.035,0.6156007158874973,0.4952979879724799
nikkor-z-85f18s,0,0.8,17.291044905302904,10,0.9571068124474348,0.975609756097561,1.8,not stated in downloaded chart,https://imaging.nikon.com/imaging/lineup/lens/z-mount/z_85mmf18s/img/mtf.jpg,2a6880c7384d3746b4942accad57dcf6c6c3c4b7081762751e54a9da81cafdc3,0.035,0.9060735982139141,0.787739257301427
nikkor-z-85f18s,0,0.8,17.291044905302904,30,0.7333894028595458,0.7922624053826746,1.8,not stated in downloaded chart,https://imaging.nikon.com/imaging/lineup/lens/z-mount/z_85mmf18s/img/mtf.jpg,2a6880c7384d3746b4942accad57dcf6c6c3c4b7081762751e54a9da81cafdc3,0.035,0.5853178529546124,0.48877152702280724
nikkor-z-85f18s,0,0.9,19.452506302475722,10,0.913372582001682,0.9638351555929352,1.8,not stated in downloaded chart,https://imaging.nikon.com/imaging/lineup/lens/z-mount/z_85mmf18s/img/mtf.jpg,2a6880c7384d3746b4942accad57dcf6c6c3c4b7081762751e54a9da81cafdc3,0.035,0.8955082822869418,0.8070436826707691
nikkor-z-85f18s,0,0.9,19.452506302475722,30,0.6156433978132885,0.7064760302775441,1.8,not stated in downloaded chart,https://imaging.nikon.com/imaging/lineup/lens/z-mount/z_85mmf18s/img/mtf.jpg,2a6880c7384d3746b4942accad57dcf6c6c3c4b7081762751e54a9da81cafdc3,0.035,0.5879865912192745,0.47195493518783194
nikkor-z-85f18s,0,1,21.613844464974072,10,0.8612279226240538,0.943650126156434,1.8,not stated in downloaded chart,https://imaging.nikon.com/imaging/lineup/lens/z-mount/z_85mmf18s/img/mtf.jpg,2a6880c7384d3746b4942accad57dcf6c6c3c4b7081762751e54a9da81cafdc3,0.035,0.8074684434265741,0.8444134004976215
nikkor-z-85f18s,0,1,21.613844464974072,30,0.49621530698065597,0.5500420521446594,1.8,not stated in downloaded chart,https://imaging.nikon.com/imaging/lineup/lens/z-mount/z_85mmf18s/img/mtf.jpg,2a6880c7384d3746b4942accad57dcf6c6c3c4b7081762751e54a9da81cafdc3,0.035,0.5660474362330159,0.4502062673518165
nikon-z-mc-105f28,0,0,0,10,0.9792186201163757,0.9891936824605154,2.8,not stated in downloaded chart,https://imaging.nikon.com/imaging/lineup/lens/z-mount/z_mc105mmf28_vr_s/img/mtf.jpg,5be6d4a79ea16a8383456ad05479d3a5997b54389d43cb19ced24a7c7d292c02,0.035,0.9804072653068878,0.9804072653068886
nikon-z-mc-105f28,0,0,0,30,0.9093931837073982,0.9226932668329177,2.8,not stated in downloaded chart,https://imaging.nikon.com/imaging/lineup/lens/z-mount/z_mc105mmf28_vr_s/img/mtf.jpg,5be6d4a79ea16a8383456ad05479d3a5997b54389d43cb19ced24a7c7d292c02,0.035,0.9070490452253123,0.9070490452253226
nikon-z-mc-105f28,0,0.1,2.1656058870273576,10,0.9758935993349959,0.9891936824605154,2.8,not stated in downloaded chart,https://imaging.nikon.com/imaging/lineup/lens/z-mount/z_mc105mmf28_vr_s/img/mtf.jpg,5be6d4a79ea16a8383456ad05479d3a5997b54389d43cb19ced24a7c7d292c02,0.035,0.9797060509825893,0.9774748031875219
nikon-z-mc-105f28,0,0.1,2.1656058870273576,30,0.8861180382377389,0.9177057356608479,2.8,not stated in downloaded chart,https://imaging.nikon.com/imaging/lineup/lens/z-mount/z_mc105mmf28_vr_s/img/mtf.jpg,5be6d4a79ea16a8383456ad05479d3a5997b54389d43cb19ced24a7c7d292c02,0.035,0.9001439670370309,0.8829882433027486
nikon-z-mc-105f28,0,0.2,4.3314422706707125,10,0.9742310889443059,0.9875311720698254,2.8,not stated in downloaded chart,https://imaging.nikon.com/imaging/lineup/lens/z-mount/z_mc105mmf28_vr_s/img/mtf.jpg,5be6d4a79ea16a8383456ad05479d3a5997b54389d43cb19ced24a7c7d292c02,0.035,0.9789075754850318,0.974838599851898
nikon-z-mc-105f28,0,0.2,4.3314422706707125,30,0.8678304239401496,0.9110556940980881,2.8,not stated in downloaded chart,https://imaging.nikon.com/imaging/lineup/lens/z-mount/z_mc105mmf28_vr_s/img/mtf.jpg,5be6d4a79ea16a8383456ad05479d3a5997b54389d43cb19ced24a7c7d292c02,0.035,0.893200570650931,0.8571460004361707
nikon-z-mc-105f28,0,0.3,6.497040201952283,10,0.9758935993349959,0.9891936824605154,2.8,not stated in downloaded chart,https://imaging.nikon.com/imaging/lineup/lens/z-mount/z_mc105mmf28_vr_s/img/mtf.jpg,5be6d4a79ea16a8383456ad05479d3a5997b54389d43cb19ced24a7c7d292c02,0.035,0.9790629645056127,0.9717029402965883
nikon-z-mc-105f28,0,0.3,6.497040201952283,30,0.8678304239401496,0.9177057356608479,2.8,not stated in downloaded chart,https://imaging.nikon.com/imaging/lineup/lens/z-mount/z_mc105mmf28_vr_s/img/mtf.jpg,5be6d4a79ea16a8383456ad05479d3a5997b54389d43cb19ced24a7c7d292c02,0.035,0.8943835296483309,0.8394635074107644
nikon-z-mc-105f28,0,0.4,8.662650792965414,10,0.9808811305070657,0.9925187032418953,2.8,not stated in downloaded chart,https://imaging.nikon.com/imaging/lineup/lens/z-mount/z_mc105mmf28_vr_s/img/mtf.jpg,5be6d4a79ea16a8383456ad05479d3a5997b54389d43cb19ced24a7c7d292c02,0.035,0.9799829030767516,0.9643069875307406
nikon-z-mc-105f28,0,0.4,8.662650792965414,30,0.8911055694098088,0.9326683291770573,2.8,not stated in downloaded chart,https://imaging.nikon.com/imaging/lineup/lens/z-mount/z_mc105mmf28_vr_s/img/mtf.jpg,5be6d4a79ea16a8383456ad05479d3a5997b54389d43cb19ced24a7c7d292c02,0.035,0.8986395397827908,0.7921668424981715
nikon-z-mc-105f28,0,0.5,10.828296132415861,10,0.9842061512884456,0.9941812136325852,2.8,not stated in downloaded chart,https://imaging.nikon.com/imaging/lineup/lens/z-mount/z_mc105mmf28_vr_s/img/mtf.jpg,5be6d4a79ea16a8383456ad05479d3a5997b54389d43cb19ced24a7c7d292c02,0.035,0.9775322972376352,0.8935922070696491
nikon-z-mc-105f28,0,0.5,10.828296132415861,30,0.9093931837073982,0.9393183707398172,2.8,not stated in downloaded chart,https://imaging.nikon.com/imaging/lineup/lens/z-mount/z_mc105mmf28_vr_s/img/mtf.jpg,5be6d4a79ea16a8383456ad05479d3a5997b54389d43cb19ced24a7c7d292c02,0.035,0.8768601691795224,0.5455112334010532
nikon-z-mc-105f28,0,0.6,12.99397286622656,10,0.9825436408977556,0.9941812136325852,2.8,not stated in downloaded chart,https://imaging.nikon.com/imaging/lineup/lens/z-mount/z_mc105mmf28_vr_s/img/mtf.jpg,5be6d4a79ea16a8383456ad05479d3a5997b54389d43cb19ced24a7c7d292c02,0.035,0.947771628470811,0.5413593424384137
nikon-z-mc-105f28,0,0.6,12.99397286622656,30,0.8877805486284289,0.9343308395677473,2.8,not stated in downloaded chart,https://imaging.nikon.com/imaging/lineup/lens/z-mount/z_mc105mmf28_vr_s/img/mtf.jpg,5be6d4a79ea16a8383456ad05479d3a5997b54389d43cb19ced24a7c7d292c02,0.035,0.6851435358654467,0.32271894328763845
nikon-z-mc-105f28,0,0.7,15.159564806453417,10,0.9792186201163757,0.9925187032418953,2.8,not stated in downloaded chart,https://imaging.nikon.com/imaging/lineup/lens/z-mount/z_mc105mmf28_vr_s/img/mtf.jpg,5be6d4a79ea16a8383456ad05479d3a5997b54389d43cb19ced24a7c7d292c02,0.035,0.7573539330288694,0.27154742331273135
nikon-z-mc-105f28,0,0.7,15.159564806453417,30,0.8561928512053201,0.912718204488778,2.8,not stated in downloaded chart,https://imaging.nikon.com/imaging/lineup/lens/z-mount/z_mc105mmf28_vr_s/img/mtf.jpg,5be6d4a79ea16a8383456ad05479d3a5997b54389d43cb19ced24a7c7d292c02,0.035,0.34591262742427636,0.13889782907067427
nikon-z-mc-105f28,0,0.8,17.325210009360173,10,0.970906068162926,0.9875311720698254,2.8,not stated in downloaded chart,https://imaging.nikon.com/imaging/lineup/lens/z-mount/z_mc105mmf28_vr_s/img/mtf.jpg,5be6d4a79ea16a8383456ad05479d3a5997b54389d43cb19ced24a7c7d292c02,0.035,0.305874016995897,0.09351242983729383
nikon-z-mc-105f28,0,0.8,17.325210009360173,30,0.8312551953449709,0.8661679135494597,2.8,not stated in downloaded chart,https://imaging.nikon.com/imaging/lineup/lens/z-mount/z_mc105mmf28_vr_s/img/mtf.jpg,5be6d4a79ea16a8383456ad05479d3a5997b54389d43cb19ced24a7c7d292c02,0.035,0.1373186895489415,0.030640344588615896
nikon-z-mc-105f28,0,0.9,19.490736417197077,10,0.9326683291770573,0.9758935993349959,2.8,not stated in downloaded chart,https://imaging.nikon.com/imaging/lineup/lens/z-mount/z_mc105mmf28_vr_s/img/mtf.jpg,5be6d4a79ea16a8383456ad05479d3a5997b54389d43cb19ced24a7c7d292c02,0.035,0.13325042596499226,0.02611112172762965
nikon-z-mc-105f28,0,0.9,19.490736417197077,30,0.6916043225270159,0.7980049875311721,2.8,not stated in downloaded chart,https://imaging.nikon.com/imaging/lineup/lens/z-mount/z_mc105mmf28_vr_s/img/mtf.jpg,5be6d4a79ea16a8383456ad05479d3a5997b54389d43cb19ced24a7c7d292c02,0.035,0.017395083241054782,0.00448602799113428
sigma-105mm-f14-dg-hsm-art,0,0,0,10,0.9720430107526882,0.9806451612903225,1.4,Diffraction MTF,https://www.sigma-global.com/lenses/a018_105_14_specification_02_01.png,6ea35c2edd0fefe16373d6e864a6dbc00c62bbb1f7eefa5467790f7e9be1fe77,0.035,0.9717735970702999,0.9717735970703
sigma-105mm-f14-dg-hsm-art,0,0,0,30,0.8688172043010752,0.8774193548387097,1.4,Diffraction MTF,https://www.sigma-global.com/lenses/a018_105_14_specification_02_01.png,6ea35c2edd0fefe16373d6e864a6dbc00c62bbb1f7eefa5467790f7e9be1fe77,0.035,0.8198733699989449,0.8198733699989481
sigma-105mm-f14-dg-hsm-art,0,0.1,2.164172827772063,10,0.9720430107526882,0.9827956989247312,1.4,Diffraction MTF,https://www.sigma-global.com/lenses/a018_105_14_specification_02_01.png,6ea35c2edd0fefe16373d6e864a6dbc00c62bbb1f7eefa5467790f7e9be1fe77,0.035,0.9716057328891841,0.9704905630094721
sigma-105mm-f14-dg-hsm-art,0,0.1,2.164172827772063,30,0.8709677419354839,0.8838709677419355,1.4,Diffraction MTF,https://www.sigma-global.com/lenses/a018_105_14_specification_02_01.png,6ea35c2edd0fefe16373d6e864a6dbc00c62bbb1f7eefa5467790f7e9be1fe77,0.035,0.8201967594284058,0.8151858253557823
sigma-105mm-f14-dg-hsm-art,0,0.2,4.328424800646792,10,0.9720430107526882,0.9827956989247312,1.4,Diffraction MTF,https://www.sigma-global.com/lenses/a018_105_14_specification_02_01.png,6ea35c2edd0fefe16373d6e864a6dbc00c62bbb1f7eefa5467790f7e9be1fe77,0.035,0.9710909110185484,0.9664673022742211
sigma-105mm-f14-dg-hsm-art,0,0.2,4.328424800646792,30,0.8709677419354839,0.8881720430107527,1.4,Diffraction MTF,https://www.sigma-global.com/lenses/a018_105_14_specification_02_01.png,6ea35c2edd0fefe16373d6e864a6dbc00c62bbb1f7eefa5467790f7e9be1fe77,0.035,0.8211925772745381,0.8154855864814802
sigma-105mm-f14-dg-hsm-art,0,0.3,6.492464595633768,10,0.9698924731182795,0.9827956989247312,1.4,Diffraction MTF,https://www.sigma-global.com/lenses/a018_105_14_specification_02_01.png,6ea35c2edd0fefe16373d6e864a6dbc00c62bbb1f7eefa5467790f7e9be1fe77,0.035,0.968039531470152,0.9542491776140073
sigma-105mm-f14-dg-hsm-art,0,0.3,6.492464595633768,30,0.8709677419354839,0.886021505376344,1.4,Diffraction MTF,https://www.sigma-global.com/lenses/a018_105_14_specification_02_01.png,6ea35c2edd0fefe16373d6e864a6dbc00c62bbb1f7eefa5467790f7e9be1fe77,0.035,0.8091850143745605,0.8111163395158488
sigma-105mm-f14-dg-hsm-art,0,0.4,8.656557663817411,10,0.9698924731182795,0.9806451612903225,1.4,Diffraction MTF,https://www.sigma-global.com/lenses/a018_105_14_specification_02_01.png,6ea35c2edd0fefe16373d6e864a6dbc00c62bbb1f7eefa5467790f7e9be1fe77,0.035,0.9622255307688745,0.9388631339593567
sigma-105mm-f14-dg-hsm-art,0,0.4,8.656557663817411,30,0.853763440860215,0.875268817204301,1.4,Diffraction MTF,https://www.sigma-global.com/lenses/a018_105_14_specification_02_01.png,6ea35c2edd0fefe16373d6e864a6dbc00c62bbb1f7eefa5467790f7e9be1fe77,0.035,0.784976594674382,0.7981527607894813
sigma-105mm-f14-dg-hsm-art,0,0.5,10.820636801268572,10,0.9655913978494624,0.9763440860215054,1.4,Diffraction MTF,https://www.sigma-global.com/lenses/a018_105_14_specification_02_01.png,6ea35c2edd0fefe16373d6e864a6dbc00c62bbb1f7eefa5467790f7e9be1fe77,0.035,0.9587696222995274,0.9272997520529859
sigma-105mm-f14-dg-hsm-art,0,0.5,10.820636801268572,30,0.821505376344086,0.8623655913978494,1.4,Diffraction MTF,https://www.sigma-global.com/lenses/a018_105_14_specification_02_01.png,6ea35c2edd0fefe16373d6e864a6dbc00c62bbb1f7eefa5467790f7e9be1fe77,0.035,0.7652048892109011,0.7697662934379099
sigma-105mm-f14-dg-hsm-art,0,0.6,12.984708050543619,10,0.9612903225806452,0.9741935483870968,1.4,Diffraction MTF,https://www.sigma-global.com/lenses/a018_105_14_specification_02_01.png,6ea35c2edd0fefe16373d6e864a6dbc00c62bbb1f7eefa5467790f7e9be1fe77,0.035,0.9622822274745538,0.9240738762416478
sigma-105mm-f14-dg-hsm-art,0,0.6,12.984708050543619,30,0.789247311827957,0.8494623655913979,1.4,Diffraction MTF,https://www.sigma-global.com/lenses/a018_105_14_specification_02_01.png,6ea35c2edd0fefe16373d6e864a6dbc00c62bbb1f7eefa5467790f7e9be1fe77,0.035,0.7656641199157936,0.7250843033379604
sigma-105mm-f14-dg-hsm-art,0,0.7,15.148464079030916,10,0.9419354838709677,0.9698924731182795,1.4,Diffraction MTF,https://www.sigma-global.com/lenses/a018_105_14_specification_02_01.png,6ea35c2edd0fefe16373d6e864a6dbc00c62bbb1f7eefa5467790f7e9be1fe77,0.035,0.9637565562124979,0.921108780041721
sigma-105mm-f14-dg-hsm-art,0,0.7,15.148464079030916,30,0.7440860215053764,0.8279569892473118,1.4,Diffraction MTF,https://www.sigma-global.com/lenses/a018_105_14_specification_02_01.png,6ea35c2edd0fefe16373d6e864a6dbc00c62bbb1f7eefa5467790f7e9be1fe77,0.035,0.7504803826902902,0.6699085006296724
sigma-105mm-f14-dg-hsm-art,0,0.8,17.312349501369088,10,0.9010752688172043,0.9655913978494624,1.4,Diffraction MTF,https://www.sigma-global.com/lenses/a018_105_14_specification_02_01.png,6ea35c2edd0fefe16373d6e864a6dbc00c62bbb1f7eefa5467790f7e9be1fe77,0.035,0.9256385883030007,0.9198606749206096
sigma-105mm-f14-dg-hsm-art,0,0.8,17.312349501369088,30,0.6795698924731183,0.810752688172043,1.4,Diffraction MTF,https://www.sigma-global.com/lenses/a018_105_14_specification_02_01.png,6ea35c2edd0fefe16373d6e864a6dbc00c62bbb1f7eefa5467790f7e9be1fe77,0.035,0.6375882799228105,0.6283183121331412
sigma-105mm-f14-dg-hsm-art,0,0.9,19.475941533842,10,0.8344086021505377,0.9612903225806452,1.4,Diffraction MTF,https://www.sigma-global.com/lenses/a018_105_14_specification_02_01.png,6ea35c2edd0fefe16373d6e864a6dbc00c62bbb1f7eefa5467790f7e9be1fe77,0.035,0.7878562300656046,0.9217615216830165
sigma-105mm-f14-dg-hsm-art,0,0.9,19.475941533842,30,0.5913978494623655,0.7849462365591398,1.4,Diffraction MTF,https://www.sigma-global.com/lenses/a018_105_14_specification_02_01.png,6ea35c2edd0fefe16373d6e864a6dbc00c62bbb1f7eefa5467790f7e9be1fe77,0.035,0.5844284236820942,0.6023433430266413
sigma-105mm-f28-dg-dn-macro-art,0,0,0,10,0.9730983302411874,0.9749536178107606,2.8,Diffraction MTF,https://www.sigma-global.com/lenses/a020_105_28_specification_02_01.png,9a9bdce7f04a81b88ae58f5d771b44fb4bb59ddf92253fccb079fc3a0835a555,0.035,0.9780172117656202,0.9780172117656252
sigma-105mm-f28-dg-dn-macro-art,0,0,0,30,0.8902288188002474,0.8933209647495362,2.8,Diffraction MTF,https://www.sigma-global.com/lenses/a020_105_28_specification_02_01.png,9a9bdce7f04a81b88ae58f5d771b44fb4bb59ddf92253fccb079fc3a0835a555,0.035,0.8816355401470396,0.8816355401470406
sigma-105mm-f28-dg-dn-macro-art,0,0.1,2.164549705313753,10,0.9737167594310452,0.9755720470006184,2.8,Diffraction MTF,https://www.sigma-global.com/lenses/a020_105_28_specification_02_01.png,9a9bdce7f04a81b88ae58f5d771b44fb4bb59ddf92253fccb079fc3a0835a555,0.035,0.976873855683265,0.9736131715910328
sigma-105mm-f28-dg-dn-macro-art,0,0.1,2.164549705313753,30,0.8951762523191095,0.9025974025974026,2.8,Diffraction MTF,https://www.sigma-global.com/lenses/a020_105_28_specification_02_01.png,9a9bdce7f04a81b88ae58f5d771b44fb4bb59ddf92253fccb079fc3a0835a555,0.035,0.8758901287521297,0.8614061771410759
sigma-105mm-f28-dg-dn-macro-art,0,0.2,4.329095784798517,10,0.9737167594310452,0.9761904761904762,2.8,Diffraction MTF,https://www.sigma-global.com/lenses/a020_105_28_specification_02_01.png,9a9bdce7f04a81b88ae58f5d771b44fb4bb59ddf92253fccb079fc3a0835a555,0.035,0.975192914168701,0.9671383595890581
sigma-105mm-f28-dg-dn-macro-art,0,0.2,4.329095784798517,30,0.9025974025974026,0.9112554112554112,2.8,Diffraction MTF,https://www.sigma-global.com/lenses/a020_105_28_specification_02_01.png,9a9bdce7f04a81b88ae58f5d771b44fb4bb59ddf92253fccb079fc3a0835a555,0.035,0.866608063254332,0.8302986862958017
sigma-105mm-f28-dg-dn-macro-art,0,0.3,6.493613738391916,10,0.9730983302411874,0.9768089053803339,2.8,Diffraction MTF,https://www.sigma-global.com/lenses/a020_105_28_specification_02_01.png,9a9bdce7f04a81b88ae58f5d771b44fb4bb59ddf92253fccb079fc3a0835a555,0.035,0.9741703245244007,0.9592255522777313
sigma-105mm-f28-dg-dn-macro-art,0,0.3,6.493613738391916,30,0.9032158317872604,0.9137291280148423,2.8,Diffraction MTF,https://www.sigma-global.com/lenses/a020_105_28_specification_02_01.png,9a9bdce7f04a81b88ae58f5d771b44fb4bb59ddf92253fccb079fc3a0835a555,0.035,0.8599757865173989,0.7757384701738245
sigma-105mm-f28-dg-dn-macro-art,0,0.4,8.658027553209504,10,0.9700061842918986,0.9755720470006184,2.8,Diffraction MTF,https://www.sigma-global.com/lenses/a020_105_28_specification_02_01.png,9a9bdce7f04a81b88ae58f5d771b44fb4bb59ddf92253fccb079fc3a0835a555,0.035,0.9719670206089128,0.9444066752373258
sigma-105mm-f28-dg-dn-macro-art,0,0.4,8.658027553209504,30,0.885899814471243,0.9056895485466914,2.8,Diffraction MTF,https://www.sigma-global.com/lenses/a020_105_28_specification_02_01.png,9a9bdce7f04a81b88ae58f5d771b44fb4bb59ddf92253fccb079fc3a0835a555,0.035,0.842763466777075,0.6791256965098409
sigma-105mm-f28-dg-dn-macro-art,0,0.5,10.822549727282034,10,0.9675324675324676,0.9737167594310452,2.8,Diffraction MTF,https://www.sigma-global.com/lenses/a020_105_28_specification_02_01.png,9a9bdce7f04a81b88ae58f5d771b44fb4bb59ddf92253fccb079fc3a0835a555,0.035,0.9683469198973725,0.9279366877248363
sigma-105mm-f28-dg-dn-macro-art,0,0.5,10.822549727282034,30,0.8661100803957946,0.8846629560915276,2.8,Diffraction MTF,https://www.sigma-global.com/lenses/a020_105_28_specification_02_01.png,9a9bdce7f04a81b88ae58f5d771b44fb4bb59ddf92253fccb079fc3a0835a555,0.035,0.8135805987932165,0.5768184101848821
sigma-105mm-f28-dg-dn-macro-art,0,0.6,12.98692544005619,10,0.968769325912183,0.9730983302411874,2.8,Diffraction MTF,https://www.sigma-global.com/lenses/a020_105_28_specification_02_01.png,9a9bdce7f04a81b88ae58f5d771b44fb4bb59ddf92253fccb079fc3a0835a555,0.035,0.9654575485123441,0.9208957081208612
sigma-105mm-f28-dg-dn-macro-art,0,0.6,12.98692544005619,30,0.8642547928262214,0.8753865182436611,2.8,Diffraction MTF,https://www.sigma-global.com/lenses/a020_105_28_specification_02_01.png,9a9bdce7f04a81b88ae58f5d771b44fb4bb59ddf92253fccb079fc3a0835a555,0.035,0.7852983118204007,0.5271666190233328
sigma-105mm-f28-dg-dn-macro-art,0,0.7,15.151412332683055,10,0.9681508967223253,0.9718614718614719,2.8,Diffraction MTF,https://www.sigma-global.com/lenses/a020_105_28_specification_02_01.png,9a9bdce7f04a81b88ae58f5d771b44fb4bb59ddf92253fccb079fc3a0835a555,0.035,0.9648147364951116,0.928954035527974
sigma-105mm-f28-dg-dn-macro-art,0,0.7,15.151412332683055,30,0.8494124922696351,0.8809523809523809,2.8,Diffraction MTF,https://www.sigma-global.com/lenses/a020_105_28_specification_02_01.png,9a9bdce7f04a81b88ae58f5d771b44fb4bb59ddf92253fccb079fc3a0835a555,0.035,0.7768058653738658,0.566196289305239
sigma-105mm-f28-dg-dn-macro-art,0,0.8,17.31570192807422,10,0.9594928880643167,0.9693877551020408,2.8,Diffraction MTF,https://www.sigma-global.com/lenses/a020_105_28_specification_02_01.png,9a9bdce7f04a81b88ae58f5d771b44fb4bb59ddf92253fccb079fc3a0835a555,0.035,0.9671303886619826,0.9476490680695914
sigma-105mm-f28-dg-dn-macro-art,0,0.8,17.31570192807422,30,0.8234384662956091,0.8450834879406308,2.8,Diffraction MTF,https://www.sigma-global.com/lenses/a020_105_28_specification_02_01.png,9a9bdce7f04a81b88ae58f5d771b44fb4bb59ddf92253fccb079fc3a0835a555,0.035,0.7953837533519726,0.6865643483668417
sigma-105mm-f28-dg-dn-macro-art,0,0.9,19.479928067408466,10,0.9495980210265924,0.9619666048237476,2.8,Diffraction MTF,https://www.sigma-global.com/lenses/a020_105_28_specification_02_01.png,9a9bdce7f04a81b88ae58f5d771b44fb4bb59ddf92253fccb079fc3a0835a555,0.035,0.9661169384780376,0.9551327045451478
sigma-105mm-f28-dg-dn-macro-art,0,0.9,19.479928067408466,30,0.7807668521954236,0.8234384662956091,2.8,Diffraction MTF,https://www.sigma-global.com/lenses/a020_105_28_specification_02_01.png,9a9bdce7f04a81b88ae58f5d771b44fb4bb59ddf92253fccb079fc3a0835a555,0.035,0.7925731769162586,0.7532017931980072
sigma-105mm-f28-dg-dn-macro-art,0,1,21.642514939707205,10,0.9056895485466914,0.942795299938157,2.8,Diffraction MTF,https://www.sigma-global.com/lenses/a020_105_28_specification_02_01.png,9a9bdce7f04a81b88ae58f5d771b44fb4bb59ddf92253fccb079fc3a0835a555,0.035,0.942454460342293,0.9241989701244743
sigma-105mm-f28-dg-dn-macro-art,0,1,21.642514939707205,30,0.6360544217687074,0.7523191094619666,2.8,Diffraction MTF,https://www.sigma-global.com/lenses/a020_105_28_specification_02_01.png,9a9bdce7f04a81b88ae58f5d771b44fb4bb59ddf92253fccb079fc3a0835a555,0.035,0.6919506795113107,0.5837886451145355
sigma-16mm-f14-dc-dn,0,0,0,10,0.963821892393321,0.9650587507730365,1.4,Diffraction MTF,https://www.sigma-global.com/lenses/c017_16_14_specification_02_01.png,d16efb9b11402c1b412cb0038eb38e7262e2d384df1fd8d58ab35c7fe07f545c,0.035,0.9844438656094315,0.9843623448447641
sigma-16mm-f14-dc-dn,0,0,0,30,0.8104514533085961,0.8147804576376005,1.4,Diffraction MTF,https://www.sigma-global.com/lenses/c017_16_14_specification_02_01.png,d16efb9b11402c1b412cb0038eb38e7262e2d384df1fd8d58ab35c7fe07f545c,0.035,0.899183422815471,0.8990578249900008
sigma-16mm-f14-dc-dn,0,0.1,1.417057158559966,10,0.9625850340136054,0.9656771799628943,1.4,Diffraction MTF,https://www.sigma-global.com/lenses/c017_16_14_specification_02_01.png,d16efb9b11402c1b412cb0038eb38e7262e2d384df1fd8d58ab35c7fe07f545c,0.035,0.9842013217668312,0.9828828888893262
sigma-16mm-f14-dc-dn,0,0.1,1.417057158559966,30,0.7999381570810142,0.8203463203463204,1.4,Diffraction MTF,https://www.sigma-global.com/lenses/c017_16_14_specification_02_01.png,d16efb9b11402c1b412cb0038eb38e7262e2d384df1fd8d58ab35c7fe07f545c,0.035,0.8985383200736977,0.8880286296149369
sigma-16mm-f14-dc-dn,0,0.2,2.8341382753127777,10,0.96134817563389,0.966295609152752,1.4,Diffraction MTF,https://www.sigma-global.com/lenses/c017_16_14_specification_02_01.png,d16efb9b11402c1b412cb0038eb38e7262e2d384df1fd8d58ab35c7fe07f545c,0.035,0.9834363868457967,0.9772435399625697
sigma-16mm-f14-dc-dn,0,0.2,2.8341382753127777,30,0.7832405689548547,0.8252937538651824,1.4,Diffraction MTF,https://www.sigma-global.com/lenses/c017_16_14_specification_02_01.png,d16efb9b11402c1b412cb0038eb38e7262e2d384df1fd8d58ab35c7fe07f545c,0.035,0.8916211788135161,0.8529817084218245
sigma-16mm-f14-dc-dn,0,0.3,4.251057733516194,10,0.9594928880643167,0.966295609152752,1.4,Diffraction MTF,https://www.sigma-global.com/lenses/c017_16_14_specification_02_01.png,d16efb9b11402c1b412cb0038eb38e7262e2d384df1fd8d58ab35c7fe07f545c,0.035,0.9797335535521096,0.9660597535919145
sigma-16mm-f14-dc-dn,0,0.3,4.251057733516194,30,0.769635126777984,0.8259121830550402,1.4,Diffraction MTF,https://www.sigma-global.com/lenses/c017_16_14_specification_02_01.png,d16efb9b11402c1b412cb0038eb38e7262e2d384df1fd8d58ab35c7fe07f545c,0.035,0.8663045487785623,0.804140924642082
sigma-16mm-f14-dc-dn,0,0.4,5.668143068589101,10,0.9576376004947433,0.9650587507730365,1.4,Diffraction MTF,https://www.sigma-global.com/lenses/c017_16_14_specification_02_01.png,d16efb9b11402c1b412cb0038eb38e7262e2d384df1fd8d58ab35c7fe07f545c,0.035,0.971734486759106,0.9472464242245713
sigma-16mm-f14-dc-dn,0,0.4,5.668143068589101,30,0.7572665429808287,0.8184910327767471,1.4,Diffraction MTF,https://www.sigma-global.com/lenses/c017_16_14_specification_02_01.png,d16efb9b11402c1b412cb0038eb38e7262e2d384df1fd8d58ab35c7fe07f545c,0.035,0.8196196764943054,0.7510226202238257
sigma-16mm-f14-dc-dn,0,0.5,7.085014185848538,10,0.9545454545454546,0.9607297464440322,1.4,Diffraction MTF,https://www.sigma-global.com/lenses/c017_16_14_specification_02_01.png,d16efb9b11402c1b412cb0038eb38e7262e2d384df1fd8d58ab35c7fe07f545c,0.035,0.9541137427946577,0.9127749173831519
sigma-16mm-f14-dc-dn,0,0.5,7.085014185848538,30,0.7418058132343847,0.7949907235621522,1.4,Diffraction MTF,https://www.sigma-global.com/lenses/c017_16_14_specification_02_01.png,d16efb9b11402c1b412cb0038eb38e7262e2d384df1fd8d58ab35c7fe07f545c,0.035,0.7595456444711257,0.7111641091266543
sigma-16mm-f14-dc-dn,0,0.6,8.502017984263198,10,0.9465058750773037,0.9545454545454546,1.4,Diffraction MTF,https://www.sigma-global.com/lenses/c017_16_14_specification_02_01.png,d16efb9b11402c1b412cb0038eb38e7262e2d384df1fd8d58ab35c7fe07f545c,0.035,0.9079569477400746,0.8723188024633294
sigma-16mm-f14-dc-dn,0,0.6,8.502017984263198,30,0.7263450834879406,0.7492269635126778,1.4,Diffraction MTF,https://www.sigma-global.com/lenses/c017_16_14_specification_02_01.png,d16efb9b11402c1b412cb0038eb38e7262e2d384df1fd8d58ab35c7fe07f545c,0.035,0.6734421941081935,0.6523589240569699
sigma-16mm-f14-dc-dn,0,0.7,9.91903933368304,10,0.9199134199134199,0.9502164502164502,1.4,Diffraction MTF,https://www.sigma-global.com/lenses/c017_16_14_specification_02_01.png,d16efb9b11402c1b412cb0038eb38e7262e2d384df1fd8d58ab35c7fe07f545c,0.035,0.8545002026640627,0.8319238905210331
sigma-16mm-f14-dc-dn,0,0.7,9.91903933368304,30,0.6694495980210267,0.7238713667285096,1.4,Diffraction MTF,https://www.sigma-global.com/lenses/c017_16_14_specification_02_01.png,d16efb9b11402c1b412cb0038eb38e7262e2d384df1fd8d58ab35c7fe07f545c,0.035,0.5605452822057528,0.5651062704400676
sigma-16mm-f14-dc-dn,0,0.8,11.336129837064528,10,0.870439084724799,0.940321583178726,1.4,Diffraction MTF,https://www.sigma-global.com/lenses/c017_16_14_specification_02_01.png,d16efb9b11402c1b412cb0038eb38e7262e2d384df1fd8d58ab35c7fe07f545c,0.035,0.8380756315984543,0.8718911973828587
sigma-16mm-f14-dc-dn,0,0.8,11.336129837064528,30,0.6243042671614101,0.6799628942486085,1.4,Diffraction MTF,https://www.sigma-global.com/lenses/c017_16_14_specification_02_01.png,d16efb9b11402c1b412cb0038eb38e7262e2d384df1fd8d58ab35c7fe07f545c,0.035,0.5446182220572652,0.5520346236877768
sigma-16mm-f14-dc-dn,0,0.9,12.753394372404406,10,0.7993197278911565,0.9260977118119975,1.4,Diffraction MTF,https://www.sigma-global.com/lenses/c017_16_14_specification_02_01.png,d16efb9b11402c1b412cb0038eb38e7262e2d384df1fd8d58ab35c7fe07f545c,0.035,0.697041962513651,0.8634613631174484
sigma-16mm-f14-dc-dn,0,0.9,12.753394372404406,30,0.5692640692640693,0.6440940012368583,1.4,Diffraction MTF,https://www.sigma-global.com/lenses/c017_16_14_specification_02_01.png,d16efb9b11402c1b412cb0038eb38e7262e2d384df1fd8d58ab35c7fe07f545c,0.035,0.5117223079295158,0.47793584298359365
sigma-16mm-f14-dc-dn,0,1,14.170879323879651,10,0.6830550401978974,0.891465677179963,1.4,Diffraction MTF,https://www.sigma-global.com/lenses/c017_16_14_specification_02_01.png,d16efb9b11402c1b412cb0038eb38e7262e2d384df1fd8d58ab35c7fe07f545c,0.035,0.5082378017275707,0.8546467507135938
sigma-16mm-f14-dc-dn,0,1,14.170879323879651,30,0.48206555349412494,0.5680272108843538,1.4,Diffraction MTF,https://www.sigma-global.com/lenses/c017_16_14_specification_02_01.png,d16efb9b11402c1b412cb0038eb38e7262e2d384df1fd8d58ab35c7fe07f545c,0.035,0.3591298769316604,0.3786216075701822
sigma-20mm-f14-dg-hsm-art,0,0,0,10,0.9683544303797469,0.9789029535864979,1.4,Diffraction MTF,https://www.sigma-global.com/lenses/a015_20_14_specification_02_01.jpg,4ed3eecefe26a6f9d1457f844ec1ab34a94f8b733417ddb6399bf38a1c3508fb,0.035,0.9721955445376611,0.9721955445376639
sigma-20mm-f14-dg-hsm-art,0,0,0,30,0.8523206751054853,0.869198312236287,1.4,Diffraction MTF,https://www.sigma-global.com/lenses/a015_20_14_specification_02_01.jpg,4ed3eecefe26a6f9d1457f844ec1ab34a94f8b733417ddb6399bf38a1c3508fb,0.035,0.8138920321662653,0.8138920321662666
sigma-20mm-f14-dg-hsm-art,0,0.1,2.164772361783874,10,0.9641350210970464,0.9767932489451476,1.4,Diffraction MTF,https://www.sigma-global.com/lenses/a015_20_14_specification_02_01.jpg,4ed3eecefe26a6f9d1457f844ec1ab34a94f8b733417ddb6399bf38a1c3508fb,0.035,0.9646296958291497,0.9507070695189551
sigma-20mm-f14-dg-hsm-art,0,0.1,2.164772361783874,30,0.8059071729957806,0.8523206751054853,1.4,Diffraction MTF,https://www.sigma-global.com/lenses/a015_20_14_specification_02_01.jpg,4ed3eecefe26a6f9d1457f844ec1ab34a94f8b733417ddb6399bf38a1c3508fb,0.035,0.7725100513780704,0.7207104926536915
sigma-20mm-f14-dg-hsm-art,0,0.2,4.329291924020749,10,0.9556962025316456,0.9746835443037974,1.4,Diffraction MTF,https://www.sigma-global.com/lenses/a015_20_14_specification_02_01.jpg,4ed3eecefe26a6f9d1457f844ec1ab34a94f8b733417ddb6399bf38a1c3508fb,0.035,0.9518562941274582,0.9390907956445357
sigma-20mm-f14-dg-hsm-art,0,0.2,4.329291924020749,30,0.7658227848101266,0.8354430379746836,1.4,Diffraction MTF,https://www.sigma-global.com/lenses/a015_20_14_specification_02_01.jpg,4ed3eecefe26a6f9d1457f844ec1ab34a94f8b733417ddb6399bf38a1c3508fb,0.035,0.7266455213178465,0.6904598589035772
sigma-20mm-f14-dg-hsm-art,0,0.3,6.4936921547223765,10,0.9514767932489452,0.9704641350210971,1.4,Diffraction MTF,https://www.sigma-global.com/lenses/a015_20_14_specification_02_01.jpg,4ed3eecefe26a6f9d1457f844ec1ab34a94f8b733417ddb6399bf38a1c3508fb,0.035,0.9385376467874815,0.9433859509536842
sigma-20mm-f14-dg-hsm-art,0,0.3,6.4936921547223765,30,0.7236286919831223,0.8059071729957806,1.4,Diffraction MTF,https://www.sigma-global.com/lenses/a015_20_14_specification_02_01.jpg,4ed3eecefe26a6f9d1457f844ec1ab34a94f8b733417ddb6399bf38a1c3508fb,0.035,0.6976774599576729,0.6636347566690346
sigma-20mm-f14-dg-hsm-art,0,0.4,8.65770935075686,10,0.9388185654008439,0.9556962025316456,1.4,Diffraction MTF,https://www.sigma-global.com/lenses/a015_20_14_specification_02_01.jpg,4ed3eecefe26a6f9d1457f844ec1ab34a94f8b733417ddb6399bf38a1c3508fb,0.035,0.9111563949753732,0.9224327304973604
sigma-20mm-f14-dg-hsm-art,0,0.4,8.65770935075686,30,0.6540084388185654,0.7215189873417722,1.4,Diffraction MTF,https://www.sigma-global.com/lenses/a015_20_14_specification_02_01.jpg,4ed3eecefe26a6f9d1457f844ec1ab34a94f8b733417ddb6399bf38a1c3508fb,0.035,0.6291796532078601,0.5981882757202471
sigma-20mm-f14-dg-hsm-art,0,0.5,10.821755978952437,10,0.8924050632911392,0.9430379746835443,1.4,Diffraction MTF,https://www.sigma-global.com/lenses/a015_20_14_specification_02_01.jpg,4ed3eecefe26a6f9d1457f844ec1ab34a94f8b733417ddb6399bf38a1c3508fb,0.035,0.854236622164478,0.862541563897689
sigma-20mm-f14-dg-hsm-art,0,0.5,10.821755978952437,30,0.5569620253164558,0.7172995780590717,1.4,Diffraction MTF,https://www.sigma-global.com/lenses/a015_20_14_specification_02_01.jpg,4ed3eecefe26a6f9d1457f844ec1ab34a94f8b733417ddb6399bf38a1c3508fb,0.035,0.5121529626795013,0.586616641840918
sigma-20mm-f14-dg-hsm-art,0,0.6,12.985701364058077,10,0.8080168776371308,0.9367088607594937,1.4,Diffraction MTF,https://www.sigma-global.com/lenses/a015_20_14_specification_02_01.jpg,4ed3eecefe26a6f9d1457f844ec1ab34a94f8b733417ddb6399bf38a1c3508fb,0.035,0.7645032757722702,0.8475889270395864
sigma-20mm-f14-dg-hsm-art,0,0.6,12.985701364058077,30,0.5400843881856541,0.6835443037974683,1.4,Diffraction MTF,https://www.sigma-global.com/lenses/a015_20_14_specification_02_01.jpg,4ed3eecefe26a6f9d1457f844ec1ab34a94f8b733417ddb6399bf38a1c3508fb,0.035,0.4315146967705878,0.5248216965081233
sigma-20mm-f14-dg-hsm-art,0,0.7,15.149645109093532,10,0.7088607594936709,0.9282700421940928,1.4,Diffraction MTF,https://www.sigma-global.com/lenses/a015_20_14_specification_02_01.jpg,4ed3eecefe26a6f9d1457f844ec1ab34a94f8b733417ddb6399bf38a1c3508fb,0.035,0.6661317314470303,0.9166652678935774
sigma-20mm-f14-dg-hsm-art,0,0.7,15.149645109093532,30,0.5147679324894514,0.6329113924050633,1.4,Diffraction MTF,https://www.sigma-global.com/lenses/a015_20_14_specification_02_01.jpg,4ed3eecefe26a6f9d1457f844ec1ab34a94f8b733417ddb6399bf38a1c3508fb,0.035,0.475860322296815,0.4926318165971183
sigma-20mm-f14-dg-hsm-art,0,0.8,17.313794664570988,10,0.6075949367088608,0.9071729957805907,1.4,Diffraction MTF,https://www.sigma-global.com/lenses/a015_20_14_specification_02_01.jpg,4ed3eecefe26a6f9d1457f844ec1ab34a94f8b733417ddb6399bf38a1c3508fb,0.035,0.5953127430489235,0.9136861695509877
sigma-20mm-f14-dg-hsm-art,0,0.8,17.313794664570988,30,0.45780590717299574,0.5717299578059072,1.4,Diffraction MTF,https://www.sigma-global.com/lenses/a015_20_14_specification_02_01.jpg,4ed3eecefe26a6f9d1457f844ec1ab34a94f8b733417ddb6399bf38a1c3508fb,0.035,0.493308756839732,0.49347451055423835
sigma-20mm-f14-dg-hsm-art,0,0.9,19.47829049587288,10,0.49156118143459915,0.8776371308016877,1.4,Diffraction MTF,https://www.sigma-global.com/lenses/a015_20_14_specification_02_01.jpg,4ed3eecefe26a6f9d1457f844ec1ab34a94f8b733417ddb6399bf38a1c3508fb,0.035,0.5207660471487499,0.9010199199618696
sigma-20mm-f14-dg-hsm-art,0,0.9,19.47829049587288,30,0.3586497890295358,0.5232067510548524,1.4,Diffraction MTF,https://www.sigma-global.com/lenses/a015_20_14_specification_02_01.jpg,4ed3eecefe26a6f9d1457f844ec1ab34a94f8b733417ddb6399bf38a1c3508fb,0.035,0.3827749730881803,0.4820301053863117
sigma-23mm-f14-dc-dn-c,0,0,0,10,0.9706246134817563,0.9730983302411874,1.4,Diffraction MTF,https://www.sigma-global.com/lenses/c023_23_14_specification_02_01.png,38d960b462c780dfaf25a3cce1768636ee53c9613ec2346c68956b1541580eb6,0.035,0.9343325874518975,0.934493074737268
sigma-23mm-f14-dc-dn-c,0,0,0,30,0.8450834879406308,0.8475572047000619,1.4,Diffraction MTF,https://www.sigma-global.com/lenses/c023_23_14_specification_02_01.png,38d960b462c780dfaf25a3cce1768636ee53c9613ec2346c68956b1541580eb6,0.035,0.7207319607739665,0.7206652608899345
sigma-23mm-f14-dc-dn-c,0,0.1,1.4161664469496074,10,0.9693877551020408,0.9724799010513296,1.4,Diffraction MTF,https://www.sigma-global.com/lenses/c023_23_14_specification_02_01.png,38d960b462c780dfaf25a3cce1768636ee53c9613ec2346c68956b1541580eb6,0.035,0.929940361888722,0.9229252675693679
sigma-23mm-f14-dc-dn-c,0,0.1,1.4161664469496074,30,0.8376623376623377,0.8457019171304886,1.4,Diffraction MTF,https://www.sigma-global.com/lenses/c023_23_14_specification_02_01.png,38d960b462c780dfaf25a3cce1768636ee53c9613ec2346c68956b1541580eb6,0.035,0.713120866003247,0.7036047315465612
sigma-23mm-f14-dc-dn-c,0,0.2,2.8324851140232505,10,0.9650587507730365,0.9681508967223253,1.4,Diffraction MTF,https://www.sigma-global.com/lenses/c023_23_14_specification_02_01.png,38d960b462c780dfaf25a3cce1768636ee53c9613ec2346c68956b1541580eb6,0.035,0.9156731992928615,0.8894360656044804
sigma-23mm-f14-dc-dn-c,0,0.2,2.8324851140232505,30,0.8123067408781695,0.8339517625231911,1.4,Diffraction MTF,https://www.sigma-global.com/lenses/c023_23_14_specification_02_01.png,38d960b462c780dfaf25a3cce1768636ee53c9613ec2346c68956b1541580eb6,0.035,0.6904546088635607,0.6497690731395488
sigma-23mm-f14-dc-dn-c,0,0.3,4.24860489520724,10,0.9650587507730365,0.968769325912183,1.4,Diffraction MTF,https://www.sigma-global.com/lenses/c023_23_14_specification_02_01.png,38d960b462c780dfaf25a3cce1768636ee53c9613ec2346c68956b1541580eb6,0.035,0.8904075737406313,0.8390263407253492
sigma-23mm-f14-dc-dn-c,0,0.3,4.24860489520724,30,0.7974644403215831,0.8110698824984539,1.4,Diffraction MTF,https://www.sigma-global.com/lenses/c023_23_14_specification_02_01.png,38d960b462c780dfaf25a3cce1768636ee53c9613ec2346c68956b1541580eb6,0.035,0.6473382304116687,0.5674853013568513
sigma-23mm-f14-dc-dn-c,0,0.4,5.664895619379946,10,0.9632034632034632,0.968769325912183,1.4,Diffraction MTF,https://www.sigma-global.com/lenses/c023_23_14_specification_02_01.png,38d960b462c780dfaf25a3cce1768636ee53c9613ec2346c68956b1541580eb6,0.035,0.850954190376682,0.7941724387536195
sigma-23mm-f14-dc-dn-c,0,0.4,5.664895619379946,30,0.7727272727272727,0.7968460111317255,1.4,Diffraction MTF,https://www.sigma-global.com/lenses/c023_23_14_specification_02_01.png,38d960b462c780dfaf25a3cce1768636ee53c9613ec2346c68956b1541580eb6,0.035,0.5859919730491935,0.4821065086542966
sigma-23mm-f14-dc-dn-c,0,0.5,7.0812198076086235,10,0.9601113172541744,0.9706246134817563,1.4,Diffraction MTF,https://www.sigma-global.com/lenses/c023_23_14_specification_02_01.png,38d960b462c780dfaf25a3cce1768636ee53c9613ec2346c68956b1541580eb6,0.035,0.8043722888108412,0.7495765592859143
sigma-23mm-f14-dc-dn-c,0,0.5,7.0812198076086235,30,0.7572665429808287,0.8055040197897341,1.4,Diffraction MTF,https://www.sigma-global.com/lenses/c023_23_14_specification_02_01.png,38d960b462c780dfaf25a3cce1768636ee53c9613ec2346c68956b1541580eb6,0.035,0.526558022733239,0.41507632877826744
sigma-23mm-f14-dc-dn-c,0,0.6,8.497260715475708,10,0.9607297464440322,0.9700061842918986,1.4,Diffraction MTF,https://www.sigma-global.com/lenses/c023_23_14_specification_02_01.png,38d960b462c780dfaf25a3cce1768636ee53c9613ec2346c68956b1541580eb6,0.035,0.7788675801512721,0.7094452307800455
sigma-23mm-f14-dc-dn-c,0,0.6,8.497260715475708,30,0.7603586889301175,0.8123067408781695,1.4,Diffraction MTF,https://www.sigma-global.com/lenses/c023_23_14_specification_02_01.png,38d960b462c780dfaf25a3cce1768636ee53c9613ec2346c68956b1541580eb6,0.035,0.4921010147565123,0.3591841179041902
sigma-23mm-f14-dc-dn-c,0,0.7,9.913573416260835,10,0.9570191713048856,0.9656771799628943,1.4,Diffraction MTF,https://www.sigma-global.com/lenses/c023_23_14_specification_02_01.png,38d960b462c780dfaf25a3cce1768636ee53c9613ec2346c68956b1541580eb6,0.035,0.7674359660007845,0.6735695118564352
sigma-23mm-f14-dc-dn-c,0,0.7,9.913573416260835,30,0.777056277056277,0.8129251700680272,1.4,Diffraction MTF,https://www.sigma-global.com/lenses/c023_23_14_specification_02_01.png,38d960b462c780dfaf25a3cce1768636ee53c9613ec2346c68956b1541580eb6,0.035,0.4989397647234383,0.304129878881159
sigma-23mm-f14-dc-dn-c,0,0.8,11.329627573511242,10,0.9440321583178726,0.9582560296846011,1.4,Diffraction MTF,https://www.sigma-global.com/lenses/c023_23_14_specification_02_01.png,38d960b462c780dfaf25a3cce1768636ee53c9613ec2346c68956b1541580eb6,0.035,0.7614919282308731,0.6159043659364197
sigma-23mm-f14-dc-dn-c,0,0.8,11.329627573511242,30,0.735621521335807,0.7937538651824366,1.4,Diffraction MTF,https://www.sigma-global.com/lenses/c023_23_14_specification_02_01.png,38d960b462c780dfaf25a3cce1768636ee53c9613ec2346c68956b1541580eb6,0.035,0.5043773407109784,0.23933265136701637
sigma-23mm-f14-dc-dn-c,0,0.9,12.745843245803814,10,0.8939393939393939,0.953308596165739,1.4,Diffraction MTF,https://www.sigma-global.com/lenses/c023_23_14_specification_02_01.png,38d960b462c780dfaf25a3cce1768636ee53c9613ec2346c68956b1541580eb6,0.035,0.7381198762677809,0.5165384979426704
sigma-23mm-f14-dc-dn-c,0,0.9,12.745843245803814,30,0.5933828076685219,0.7733457019171305,1.4,Diffraction MTF,https://www.sigma-global.com/lenses/c023_23_14_specification_02_01.png,38d960b462c780dfaf25a3cce1768636ee53c9613ec2346c68956b1541580eb6,0.035,0.43190760179658494,0.10528124989675251
sigma-23mm-f14-dc-dn-c,0,1,14.161921835496033,10,0.8166357452071737,0.9236239950525664,1.4,Diffraction MTF,https://www.sigma-global.com/lenses/c023_23_14_specification_02_01.png,38d960b462c780dfaf25a3cce1768636ee53c9613ec2346c68956b1541580eb6,0.035,0.6727607240917003,0.3389847836707561
sigma-23mm-f14-dc-dn-c,0,1,14.161921835496033,30,0.4276437847866419,0.6923314780457638,1.4,Diffraction MTF,https://www.sigma-global.com/lenses/c023_23_14_specification_02_01.png,38d960b462c780dfaf25a3cce1768636ee53c9613ec2346c68956b1541580eb6,0.035,0.3000331484093378,0.08389625570692832
sigma-35mm-f14-dg-hsm-a,0,0,0,10,0.9465968586387434,0.9591623036649215,1.4,Diffraction MTF,https://www.sigma-global.com/lenses/a012_35_14_specification_02_01.jpg,e119543dce190c7f400d277d181b1d0e2d206b35f6df225c50c7dda94d21dd0f,0.035,0.9606407924705734,0.9605665266896558
sigma-35mm-f14-dg-hsm-a,0,0,0,30,0.7455497382198952,0.7539267015706806,1.4,Diffraction MTF,https://www.sigma-global.com/lenses/a012_35_14_specification_02_01.jpg,e119543dce190c7f400d277d181b1d0e2d206b35f6df225c50c7dda94d21dd0f,0.035,0.7674740878049904,0.7673475024766433
sigma-35mm-f14-dg-hsm-a,0,0.1,2.1639083170809474,10,0.9445026178010472,0.9570680628272251,1.4,Diffraction MTF,https://www.sigma-global.com/lenses/a012_35_14_specification_02_01.jpg,e119543dce190c7f400d277d181b1d0e2d206b35f6df225c50c7dda94d21dd0f,0.035,0.9568451171113952,0.9472119385254709
sigma-35mm-f14-dg-hsm-a,0,0.1,2.1639083170809474,30,0.7183246073298429,0.7664921465968586,1.4,Diffraction MTF,https://www.sigma-global.com/lenses/a012_35_14_specification_02_01.jpg,e119543dce190c7f400d277d181b1d0e2d206b35f6df225c50c7dda94d21dd0f,0.035,0.7476328590369478,0.7079271895267061
sigma-35mm-f14-dg-hsm-a,0,0.2,4.327771039340677,10,0.9424083769633508,0.9570680628272251,1.4,Diffraction MTF,https://www.sigma-global.com/lenses/a012_35_14_specification_02_01.jpg,e119543dce190c7f400d277d181b1d0e2d206b35f6df225c50c7dda94d21dd0f,0.035,0.9446996208129448,0.9178549969438101
sigma-35mm-f14-dg-hsm-a,0,0.2,4.327771039340677,30,0.6931937172774869,0.774869109947644,1.4,Diffraction MTF,https://www.sigma-global.com/lenses/a012_35_14_specification_02_01.jpg,e119543dce190c7f400d277d181b1d0e2d206b35f6df225c50c7dda94d21dd0f,0.035,0.7015675675354912,0.6209940665245861
sigma-35mm-f14-dg-hsm-a,0,0.3,6.491774555434045,10,0.9403141361256544,0.9549738219895287,1.4,Diffraction MTF,https://www.sigma-global.com/lenses/a012_35_14_specification_02_01.jpg,e119543dce190c7f400d277d181b1d0e2d206b35f6df225c50c7dda94d21dd0f,0.035,0.9294436139239006,0.9066172648531945
sigma-35mm-f14-dg-hsm-a,0,0.3,6.491774555434045,30,0.6743455497382199,0.7727748691099476,1.4,Diffraction MTF,https://www.sigma-global.com/lenses/a012_35_14_specification_02_01.jpg,e119543dce190c7f400d277d181b1d0e2d206b35f6df225c50c7dda94d21dd0f,0.035,0.6705139685662784,0.5565820205829567
sigma-35mm-f14-dg-hsm-a,0,0.4,8.655646645197471,10,0.9298429319371728,0.9486910994764398,1.4,Diffraction MTF,https://www.sigma-global.com/lenses/a012_35_14_specification_02_01.jpg,e119543dce190c7f400d277d181b1d0e2d206b35f6df225c50c7dda94d21dd0f,0.035,0.9099753369465076,0.9075950344159848
sigma-35mm-f14-dg-hsm-a,0,0.4,8.655646645197471,30,0.6638743455497382,0.7350785340314137,1.4,Diffraction MTF,https://www.sigma-global.com/lenses/a012_35_14_specification_02_01.jpg,e119543dce190c7f400d277d181b1d0e2d206b35f6df225c50c7dda94d21dd0f,0.035,0.6353493006148675,0.5289230248491419
sigma-35mm-f14-dg-hsm-a,0,0.5,10.819640921900167,10,0.8963350785340314,0.9465968586387434,1.4,Diffraction MTF,https://www.sigma-global.com/lenses/a012_35_14_specification_02_01.jpg,e119543dce190c7f400d277d181b1d0e2d206b35f6df225c50c7dda94d21dd0f,0.035,0.8808788508546598,0.9095718555631692
sigma-35mm-f14-dg-hsm-a,0,0.5,10.819640921900167,30,0.6345549738219896,0.6722513089005235,1.4,Diffraction MTF,https://www.sigma-global.com/lenses/a012_35_14_specification_02_01.jpg,e119543dce190c7f400d277d181b1d0e2d206b35f6df225c50c7dda94d21dd0f,0.035,0.5887764963659707,0.5631288973258656
sigma-35mm-f14-dg-hsm-a,0,0.6,12.983733372028464,10,0.8418848167539267,0.9528795811518325,1.4,Diffraction MTF,https://www.sigma-global.com/lenses/a012_35_14_specification_02_01.jpg,e119543dce190c7f400d277d181b1d0e2d206b35f6df225c50c7dda94d21dd0f,0.035,0.8236129888975717,0.9064806807750901
sigma-35mm-f14-dg-hsm-a,0,0.6,12.983733372028464,30,0.5675392670157068,0.6994764397905759,1.4,Diffraction MTF,https://www.sigma-global.com/lenses/a012_35_14_specification_02_01.jpg,e119543dce190c7f400d277d181b1d0e2d206b35f6df225c50c7dda94d21dd0f,0.035,0.5327166125930445,0.5993489809128251
sigma-35mm-f14-dg-hsm-a,0,0.7,15.147765675775739,10,0.7727748691099476,0.9486910994764398,1.4,Diffraction MTF,https://www.sigma-global.com/lenses/a012_35_14_specification_02_01.jpg,e119543dce190c7f400d277d181b1d0e2d206b35f6df225c50c7dda94d21dd0f,0.035,0.7197072069065884,0.9020218173391771
sigma-35mm-f14-dg-hsm-a,0,0.7,15.147765675775739,30,0.5214659685863874,0.6952879581151832,1.4,Diffraction MTF,https://www.sigma-global.com/lenses/a012_35_14_specification_02_01.jpg,e119543dce190c7f400d277d181b1d0e2d206b35f6df225c50c7dda94d21dd0f,0.035,0.4719944156514689,0.6138968099778546
sigma-35mm-f14-dg-hsm-a,0,0.8,17.312064155162453,10,0.6931937172774869,0.9361256544502617,1.4,Diffraction MTF,https://www.sigma-global.com/lenses/a012_35_14_specification_02_01.jpg,e119543dce190c7f400d277d181b1d0e2d206b35f6df225c50c7dda94d21dd0f,0.035,0.616908249486765,0.8095586355431587
sigma-35mm-f14-dg-hsm-a,0,0.8,17.312064155162453,30,0.5109947643979058,0.6450261780104711,1.4,Diffraction MTF,https://www.sigma-global.com/lenses/a012_35_14_specification_02_01.jpg,e119543dce190c7f400d277d181b1d0e2d206b35f6df225c50c7dda94d21dd0f,0.035,0.4493863182911657,0.5297494114438223
sigma-35mm-f14-dg-hsm-a,0,0.9,19.476485885663873,10,0.6031413612565445,0.9068062827225131,1.4,Diffraction MTF,https://www.sigma-global.com/lenses/a012_35_14_specification_02_01.jpg,e119543dce190c7f400d277d181b1d0e2d206b35f6df225c50c7dda94d21dd0f,0.035,0.5504030461743394,0.7040118711368065
sigma-35mm-f14-dg-hsm-a,0,0.9,19.476485885663873,30,0.4460732984293194,0.5089005235602094,1.4,Diffraction MTF,https://www.sigma-global.com/lenses/a012_35_14_specification_02_01.jpg,e119543dce190c7f400d277d181b1d0e2d206b35f6df225c50c7dda94d21dd0f,0.035,0.4130272200033886,0.4638411098982099
sigma-45mm-f28-dg-dn-contemporary,0,0,0,10,0.9215896885069818,0.9301825993555317,2.8,Diffraction MTF,https://www.sigma-global.com/lenses/c019_45_28_specification_02_01.png,71832cef93386cf45b114fb74063d32e0cb57df1cffc5243acb99723655de870,0.035,0.8876169848408912,0.8876169848408882
sigma-45mm-f28-dg-dn-contemporary,0,0,0,30,0.7110633727175081,0.7218045112781954,2.8,Diffraction MTF,https://www.sigma-global.com/lenses/c019_45_28_specification_02_01.png,71832cef93386cf45b114fb74063d32e0cb57df1cffc5243acb99723655de870,0.035,0.6656462671253722,0.6656462671253701
sigma-45mm-f28-dg-dn-contemporary,0,0.1,2.1637528004007396,10,0.9215896885069818,0.9323308270676691,2.8,Diffraction MTF,https://www.sigma-global.com/lenses/c019_45_28_specification_02_01.png,71832cef93386cf45b114fb74063d32e0cb57df1cffc5243acb99723655de870,0.035,0.8896569022748405,0.899968770303248
sigma-45mm-f28-dg-dn-contemporary,0,0.1,2.1637528004007396,30,0.6960257787325457,0.723952738990333,2.8,Diffraction MTF,https://www.sigma-global.com/lenses/c019_45_28_specification_02_01.png,71832cef93386cf45b114fb74063d32e0cb57df1cffc5243acb99723655de870,0.035,0.6709510958648476,0.6624414718292544
sigma-45mm-f28-dg-dn-contemporary,0,0.2,4.3276136722462635,10,0.9237379162191193,0.9323308270676691,2.8,Diffraction MTF,https://www.sigma-global.com/lenses/c019_45_28_specification_02_01.png,71832cef93386cf45b114fb74063d32e0cb57df1cffc5243acb99723655de870,0.035,0.8999681445911544,0.9207840724420742
sigma-45mm-f28-dg-dn-contemporary,0,0.2,4.3276136722462635,30,0.6831364124597208,0.723952738990333,2.8,Diffraction MTF,https://www.sigma-global.com/lenses/c019_45_28_specification_02_01.png,71832cef93386cf45b114fb74063d32e0cb57df1cffc5243acb99723655de870,0.035,0.6899065017136335,0.6908994023117745
sigma-45mm-f28-dg-dn-contemporary,0,0.3,6.491230844539802,10,0.9237379162191193,0.9344790547798066,2.8,Diffraction MTF,https://www.sigma-global.com/lenses/c019_45_28_specification_02_01.png,71832cef93386cf45b114fb74063d32e0cb57df1cffc5243acb99723655de870,0.035,0.908900120261437,0.93022201893408
sigma-45mm-f28-dg-dn-contemporary,0,0.3,6.491230844539802,30,0.6702470461868958,0.723952738990333,2.8,Diffraction MTF,https://www.sigma-global.com/lenses/c019_45_28_specification_02_01.png,71832cef93386cf45b114fb74063d32e0cb57df1cffc5243acb99723655de870,0.035,0.7038154416787974,0.6790473812152334
sigma-45mm-f28-dg-dn-contemporary,0,0.4,8.654969391220973,10,0.9280343716433942,0.9387755102040817,2.8,Diffraction MTF,https://www.sigma-global.com/lenses/c019_45_28_specification_02_01.png,71832cef93386cf45b114fb74063d32e0cb57df1cffc5243acb99723655de870,0.035,0.9189041488917545,0.9341502528320156
sigma-45mm-f28-dg-dn-contemporary,0,0.4,8.654969391220973,30,0.6788399570354458,0.715359828141783,2.8,Diffraction MTF,https://www.sigma-global.com/lenses/c019_45_28_specification_02_01.png,71832cef93386cf45b114fb74063d32e0cb57df1cffc5243acb99723655de870,0.035,0.7053293358755396,0.6485307763894487
sigma-45mm-f28-dg-dn-contemporary,0,0.5,10.818617679587843,10,0.9301825993555317,0.9409237379162191,2.8,Diffraction MTF,https://www.sigma-global.com/lenses/c019_45_28_specification_02_01.png,71832cef93386cf45b114fb74063d32e0cb57df1cffc5243acb99723655de870,0.035,0.9293583988632657,0.9360919196587996
sigma-45mm-f28-dg-dn-contemporary,0,0.5,10.818617679587843,30,0.6917293233082706,0.7024704618689581,2.8,Diffraction MTF,https://www.sigma-global.com/lenses/c019_45_28_specification_02_01.png,71832cef93386cf45b114fb74063d32e0cb57df1cffc5243acb99723655de870,0.035,0.6927395500708861,0.6531998789081211
sigma-45mm-f28-dg-dn-contemporary,0,0.6,12.982192592453655,10,0.9280343716433942,0.949516648764769,2.8,Diffraction MTF,https://www.sigma-global.com/lenses/c019_45_28_specification_02_01.png,71832cef93386cf45b114fb74063d32e0cb57df1cffc5243acb99723655de870,0.035,0.9417223491264931,0.9343131202168544
sigma-45mm-f28-dg-dn-contemporary,0,0.6,12.982192592453655,30,0.7024704618689581,0.7175080558539205,2.8,Diffraction MTF,https://www.sigma-global.com/lenses/c019_45_28_specification_02_01.png,71832cef93386cf45b114fb74063d32e0cb57df1cffc5243acb99723655de870,0.035,0.6915721261626053,0.6738760310064794
sigma-45mm-f28-dg-dn-contemporary,0,0.7,15.145555902915753,10,0.9108485499462943,0.949516648764769,2.8,Diffraction MTF,https://www.sigma-global.com/lenses/c019_45_28_specification_02_01.png,71832cef93386cf45b114fb74063d32e0cb57df1cffc5243acb99723655de870,0.035,0.9542129467834742,0.9117827704421535
sigma-45mm-f28-dg-dn-contemporary,0,0.7,15.145555902915753,30,0.6852846401718582,0.715359828141783,2.8,Diffraction MTF,https://www.sigma-global.com/lenses/c019_45_28_specification_02_01.png,71832cef93386cf45b114fb74063d32e0cb57df1cffc5243acb99723655de870,0.035,0.7257436166493644,0.6309772483822335
sigma-45mm-f28-dg-dn-contemporary,0,0.8,17.30913186772239,10,0.8485499462943071,0.9366272824919442,2.8,Diffraction MTF,https://www.sigma-global.com/lenses/c019_45_28_specification_02_01.png,71832cef93386cf45b114fb74063d32e0cb57df1cffc5243acb99723655de870,0.035,0.9576445806389055,0.8668572555454823
sigma-45mm-f28-dg-dn-contemporary,0,0.8,17.30913186772239,30,0.5821697099892589,0.6702470461868958,2.8,Diffraction MTF,https://www.sigma-global.com/lenses/c019_45_28_specification_02_01.png,71832cef93386cf45b114fb74063d32e0cb57df1cffc5243acb99723655de870,0.035,0.7380123548904803,0.5241477605687763
sigma-45mm-f28-dg-dn-contemporary,0,0.9,19.472459173997933,10,0.7969924812030076,0.9065520945220193,2.8,Diffraction MTF,https://www.sigma-global.com/lenses/c019_45_28_specification_02_01.png,71832cef93386cf45b114fb74063d32e0cb57df1cffc5243acb99723655de870,0.035,0.9134504601525179,0.8290414011212581
sigma-45mm-f28-dg-dn-contemporary,0,0.9,19.472459173997933,30,0.4747583243823845,0.5886143931256713,2.8,Diffraction MTF,https://www.sigma-global.com/lenses/c019_45_28_specification_02_01.png,71832cef93386cf45b114fb74063d32e0cb57df1cffc5243acb99723655de870,0.035,0.5425579923302087,0.44179289881057393
sigma-50f14-dg-hsm-a,0,0,0,10,0.9282700421940928,0.9367088607594937,1.4,Diffraction MTF,https://www.sigma-global.com/lenses/a014_50_14_specification_02_01.png,54b9afa49770d9c84129e792132c8f0e8a33057be41e1689d507f05e49cddf9a,0.035,0.9575571273532776,0.957557127353272
sigma-50f14-dg-hsm-a,0,0,0,30,0.748945147679325,0.7573839662447257,1.4,Diffraction MTF,https://www.sigma-global.com/lenses/a014_50_14_specification_02_01.png,54b9afa49770d9c84129e792132c8f0e8a33057be41e1689d507f05e49cddf9a,0.035,0.7547596410248969,0.7547596410248975
sigma-50f14-dg-hsm-a,0,0.1,2.1644965824862803,10,0.9240506329113924,0.9388185654008439,1.4,Diffraction MTF,https://www.sigma-global.com/lenses/a014_50_14_specification_02_01.png,54b9afa49770d9c84129e792132c8f0e8a33057be41e1689d507f05e49cddf9a,0.035,0.9536902909653114,0.9462258548123572
sigma-50f14-dg-hsm-a,0,0.1,2.1644965824862803,30,0.7278481012658228,0.7552742616033755,1.4,Diffraction MTF,https://www.sigma-global.com/lenses/a014_50_14_specification_02_01.png,54b9afa49770d9c84129e792132c8f0e8a33057be41e1689d507f05e49cddf9a,0.035,0.7630168598406029,0.7735152359830039
sigma-50f14-dg-hsm-a,0,0.2,4.329016073687999,10,0.919831223628692,0.9388185654008439,1.4,Diffraction MTF,https://www.sigma-global.com/lenses/a014_50_14_specification_02_01.png,54b9afa49770d9c84129e792132c8f0e8a33057be41e1689d507f05e49cddf9a,0.035,0.9501347582524827,0.9321112032829446
sigma-50f14-dg-hsm-a,0,0.2,4.329016073687999,30,0.7088607594936709,0.751054852320675,1.4,Diffraction MTF,https://www.sigma-global.com/lenses/a014_50_14_specification_02_01.png,54b9afa49770d9c84129e792132c8f0e8a33057be41e1689d507f05e49cddf9a,0.035,0.7570090455099329,0.7474405864778814
sigma-50f14-dg-hsm-a,0,0.3,6.493452499496245,10,0.9071729957805907,0.9388185654008439,1.4,Diffraction MTF,https://www.sigma-global.com/lenses/a014_50_14_specification_02_01.png,54b9afa49770d9c84129e792132c8f0e8a33057be41e1689d507f05e49cddf9a,0.035,0.9371405109916937,0.9202917384068581
sigma-50f14-dg-hsm-a,0,0.3,6.493452499496245,30,0.6919831223628692,0.7383966244725738,1.4,Diffraction MTF,https://www.sigma-global.com/lenses/a014_50_14_specification_02_01.png,54b9afa49770d9c84129e792132c8f0e8a33057be41e1689d507f05e49cddf9a,0.035,0.7001887762181478,0.7070329520513479
sigma-50f14-dg-hsm-a,0,0.4,8.658075573095054,10,0.879746835443038,0.9345991561181435,1.4,Diffraction MTF,https://www.sigma-global.com/lenses/a014_50_14_specification_02_01.png,54b9afa49770d9c84129e792132c8f0e8a33057be41e1689d507f05e49cddf9a,0.035,0.90301729357143,0.9059406871125808
sigma-50f14-dg-hsm-a,0,0.4,8.658075573095054,30,0.6329113924050633,0.6940928270042195,1.4,Diffraction MTF,https://www.sigma-global.com/lenses/a014_50_14_specification_02_01.png,54b9afa49770d9c84129e792132c8f0e8a33057be41e1689d507f05e49cddf9a,0.035,0.6172096239450877,0.652061788719912
sigma-50f14-dg-hsm-a,0,0.5,10.822991492797659,10,0.8375527426160337,0.9282700421940928,1.4,Diffraction MTF,https://www.sigma-global.com/lenses/a014_50_14_specification_02_01.png,54b9afa49770d9c84129e792132c8f0e8a33057be41e1689d507f05e49cddf9a,0.035,0.839988148474676,0.8832427568581472
sigma-50f14-dg-hsm-a,0,0.5,10.822991492797659,30,0.5527426160337553,0.6814345991561181,1.4,Diffraction MTF,https://www.sigma-global.com/lenses/a014_50_14_specification_02_01.png,54b9afa49770d9c84129e792132c8f0e8a33057be41e1689d507f05e49cddf9a,0.035,0.5652512434339202,0.5807434068952463
sigma-50f14-dg-hsm-a,0,0.6,12.987774479893666,10,0.7848101265822784,0.9029535864978903,1.4,Diffraction MTF,https://www.sigma-global.com/lenses/a014_50_14_specification_02_01.png,54b9afa49770d9c84129e792132c8f0e8a33057be41e1689d507f05e49cddf9a,0.035,0.7607606347379824,0.8528474308660303
sigma-50f14-dg-hsm-a,0,0.6,12.987774479893666,30,0.5147679324894514,0.6561181434599156,1.4,Diffraction MTF,https://www.sigma-global.com/lenses/a014_50_14_specification_02_01.png,54b9afa49770d9c84129e792132c8f0e8a33057be41e1689d507f05e49cddf9a,0.035,0.5143451334335016,0.5143084552812415
sigma-50f14-dg-hsm-a,0,0.7,15.152831508826111,10,0.7320675105485233,0.8670886075949367,1.4,Diffraction MTF,https://www.sigma-global.com/lenses/a014_50_14_specification_02_01.png,54b9afa49770d9c84129e792132c8f0e8a33057be41e1689d507f05e49cddf9a,0.035,0.6946664625664783,0.8280420736962688
sigma-50f14-dg-hsm-a,0,0.7,15.152831508826111,30,0.48945147679324896,0.609704641350211,1.4,Diffraction MTF,https://www.sigma-global.com/lenses/a014_50_14_specification_02_01.png,54b9afa49770d9c84129e792132c8f0e8a33057be41e1689d507f05e49cddf9a,0.035,0.4804462664964167,0.4327757414854259
sigma-50f14-dg-hsm-a,0,0.8,17.31786980249597,10,0.6835443037974683,0.8417721518987342,1.4,Diffraction MTF,https://www.sigma-global.com/lenses/a014_50_14_specification_02_01.png,54b9afa49770d9c84129e792132c8f0e8a33057be41e1689d507f05e49cddf9a,0.035,0.645493026675838,0.8295280310524641
sigma-50f14-dg-hsm-a,0,0.8,17.31786980249597,30,0.4789029535864979,0.5590717299578059,1.4,Diffraction MTF,https://www.sigma-global.com/lenses/a014_50_14_specification_02_01.png,54b9afa49770d9c84129e792132c8f0e8a33057be41e1689d507f05e49cddf9a,0.035,0.4649936880613344,0.3492661523229208
sigma-50f14-dg-hsm-a,0,0.9,19.48332306659722,10,0.630801687763713,0.8185654008438819,1.4,Diffraction MTF,https://www.sigma-global.com/lenses/a014_50_14_specification_02_01.png,54b9afa49770d9c84129e792132c8f0e8a33057be41e1689d507f05e49cddf9a,0.035,0.5664195376291813,0.824094543224618
sigma-50f14-dg-hsm-a,0,0.9,19.48332306659722,30,0.43670886075949367,0.4852320675105485,1.4,Diffraction MTF,https://www.sigma-global.com/lenses/a014_50_14_specification_02_01.png,54b9afa49770d9c84129e792132c8f0e8a33057be41e1689d507f05e49cddf9a,0.035,0.41267547225451845,0.3633914670380878
sigma-art-85mm-f14-dgdn,0,0,0,10,0.9570191713048856,0.9588744588744589,1.4,Diffraction MTF,https://www.sigma-global.com/lenses/a020_85_14_specification_02_01.png,6a846770c66d8505e51eafa83b9cbceb2e17b13a835f33604d9cccc17b795669,0.035,0.9072444854636068,0.9072444854635988
sigma-art-85mm-f14-dgdn,0,0,0,30,0.8129251700680272,0.8166357452071737,1.4,Diffraction MTF,https://www.sigma-global.com/lenses/a020_85_14_specification_02_01.png,6a846770c66d8505e51eafa83b9cbceb2e17b13a835f33604d9cccc17b795669,0.035,0.7177043306948062,0.717704330694794
sigma-art-85mm-f14-dgdn,0,0.1,2.1648068872374795,10,0.9594928880643167,0.9625850340136054,1.4,Diffraction MTF,https://www.sigma-global.com/lenses/a020_85_14_specification_02_01.png,6a846770c66d8505e51eafa83b9cbceb2e17b13a835f33604d9cccc17b795669,0.035,0.9168480051168572,0.9275834832986122
sigma-art-85mm-f14-dgdn,0,0.1,2.1648068872374795,30,0.8172541743970315,0.8296227581941867,1.4,Diffraction MTF,https://www.sigma-global.com/lenses/a020_85_14_specification_02_01.png,6a846770c66d8505e51eafa83b9cbceb2e17b13a835f33604d9cccc17b795669,0.035,0.7321466844616621,0.72381413177347
sigma-art-85mm-f14-dgdn,0,0.2,4.329580123255459,10,0.9625850340136054,0.966295609152752,1.4,Diffraction MTF,https://www.sigma-global.com/lenses/a020_85_14_specification_02_01.png,6a846770c66d8505e51eafa83b9cbceb2e17b13a835f33604d9cccc17b795669,0.035,0.9218112200322279,0.9262439691792793
sigma-art-85mm-f14-dgdn,0,0.2,4.329580123255459,30,0.8215831787260359,0.8413729128014842,1.4,Diffraction MTF,https://www.sigma-global.com/lenses/a020_85_14_specification_02_01.png,6a846770c66d8505e51eafa83b9cbceb2e17b13a835f33604d9cccc17b795669,0.035,0.7356634236795129,0.734242375117816
sigma-art-85mm-f14-dgdn,0,0.3,6.494369127405216,10,0.966295609152752,0.9693877551020408,1.4,Diffraction MTF,https://www.sigma-global.com/lenses/a020_85_14_specification_02_01.png,6a846770c66d8505e51eafa83b9cbceb2e17b13a835f33604d9cccc17b795669,0.035,0.9244619517660064,0.9256537754350505
sigma-art-85mm-f14-dgdn,0,0.3,6.494369127405216,30,0.829004329004329,0.8475572047000619,1.4,Diffraction MTF,https://www.sigma-global.com/lenses/a020_85_14_specification_02_01.png,6a846770c66d8505e51eafa83b9cbceb2e17b13a835f33604d9cccc17b795669,0.035,0.7309523554188552,0.7326780745958164
sigma-art-85mm-f14-dgdn,0,0.4,8.659325951240062,10,0.968769325912183,0.9718614718614719,1.4,Diffraction MTF,https://www.sigma-global.com/lenses/a020_85_14_specification_02_01.png,6a846770c66d8505e51eafa83b9cbceb2e17b13a835f33604d9cccc17b795669,0.035,0.927510891008909,0.9301751731027617
sigma-art-85mm-f14-dgdn,0,0.4,8.659325951240062,30,0.8345701917130488,0.8438466295609153,1.4,Diffraction MTF,https://www.sigma-global.com/lenses/a020_85_14_specification_02_01.png,6a846770c66d8505e51eafa83b9cbceb2e17b13a835f33604d9cccc17b795669,0.035,0.7118119875958339,0.7304458968453227
sigma-art-85mm-f14-dgdn,0,0.5,10.824159389213932,10,0.9706246134817563,0.974335188620903,1.4,Diffraction MTF,https://www.sigma-global.com/lenses/a020_85_14_specification_02_01.png,6a846770c66d8505e51eafa83b9cbceb2e17b13a835f33604d9cccc17b795669,0.035,0.9333310900650021,0.9375922369014356
sigma-art-85mm-f14-dgdn,0,0.5,10.824159389213932,30,0.8234384662956091,0.8494124922696351,1.4,Diffraction MTF,https://www.sigma-global.com/lenses/a020_85_14_specification_02_01.png,6a846770c66d8505e51eafa83b9cbceb2e17b13a835f33604d9cccc17b795669,0.035,0.6832878548873333,0.7236670513179578
sigma-art-85mm-f14-dgdn,0,0.6,12.989118097268035,10,0.9700061842918986,0.9737167594310452,1.4,Diffraction MTF,https://www.sigma-global.com/lenses/a020_85_14_specification_02_01.png,6a846770c66d8505e51eafa83b9cbceb2e17b13a835f33604d9cccc17b795669,0.035,0.9461245403329601,0.9496071427858321
sigma-art-85mm-f14-dgdn,0,0.6,12.989118097268035,30,0.8178726035868893,0.8611626468769326,1.4,Diffraction MTF,https://www.sigma-global.com/lenses/a020_85_14_specification_02_01.png,6a846770c66d8505e51eafa83b9cbceb2e17b13a835f33604d9cccc17b795669,0.035,0.6811127257572566,0.7368302603971988
sigma-art-85mm-f14-dgdn,0,0.7,15.154068480733287,10,0.9632034632034632,0.9700061842918986,1.4,Diffraction MTF,https://www.sigma-global.com/lenses/a020_85_14_specification_02_01.png,6a846770c66d8505e51eafa83b9cbceb2e17b13a835f33604d9cccc17b795669,0.035,0.9628581002437671,0.9590640029813143
sigma-art-85mm-f14-dgdn,0,0.7,15.154068480733287,30,0.7949907235621522,0.8679653679653679,1.4,Diffraction MTF,https://www.sigma-global.com/lenses/a020_85_14_specification_02_01.png,6a846770c66d8505e51eafa83b9cbceb2e17b13a835f33604d9cccc17b795669,0.035,0.7402205854837655,0.7634344876958353
sigma-art-85mm-f14-dgdn,0,0.8,17.31917718913407,10,0.9477427334570192,0.96134817563389,1.4,Diffraction MTF,https://www.sigma-global.com/lenses/a020_85_14_specification_02_01.png,6a846770c66d8505e51eafa83b9cbceb2e17b13a835f33604d9cccc17b795669,0.035,0.9673789641963352,0.9566311979115351
sigma-art-85mm-f14-dgdn,0,0.8,17.31917718913407,30,0.7467532467532467,0.8401360544217686,1.4,Diffraction MTF,https://www.sigma-global.com/lenses/a020_85_14_specification_02_01.png,6a846770c66d8505e51eafa83b9cbceb2e17b13a835f33604d9cccc17b795669,0.035,0.7635952312136052,0.7319824125618132
sigma-art-85mm-f14-dgdn,0,0.9,19.4842660545716,10,0.9186765615337044,0.9551638837353124,1.4,Diffraction MTF,https://www.sigma-global.com/lenses/a020_85_14_specification_02_01.png,6a846770c66d8505e51eafa83b9cbceb2e17b13a835f33604d9cccc17b795669,0.035,0.9188062058000005,0.941464243973576
sigma-art-85mm-f14-dgdn,0,0.9,19.4842660545716,30,0.6713048855905999,0.8079777365491652,1.4,Diffraction MTF,https://www.sigma-global.com/lenses/a020_85_14_specification_02_01.png,6a846770c66d8505e51eafa83b9cbceb2e17b13a835f33604d9cccc17b795669,0.035,0.5691391480272749,0.6345812716772101
sigma-art-85mm-f14-dgdn,0,1,21.649286934558496,10,0.8481756338899196,0.9384662956091527,1.4,Diffraction MTF,https://www.sigma-global.com/lenses/a020_85_14_specification_02_01.png,6a846770c66d8505e51eafa83b9cbceb2e17b13a835f33604d9cccc17b795669,0.035,0.7782063568344795,0.9210863997054354
sigma-art-85mm-f14-dgdn,0,1,21.649286934558496,30,0.530921459492888,0.6935683364254792,1.4,Diffraction MTF,https://www.sigma-global.com/lenses/a020_85_14_specification_02_01.png,6a846770c66d8505e51eafa83b9cbceb2e17b13a835f33604d9cccc17b795669,0.035,0.5157968030831158,0.5415635305561347
sigma-85f14-art,0,0,0,10,0.9302832244008714,0.9411764705882353,1.4,Diffraction MTF,https://www.sigma-global.com/lenses/a016_85_14_specification_02_01.png,cfed16a794692063e0807cc93696980fbec3f7915cabccbdb78381962c3eb199,0.035,0.9723706354229568,0.97228768535168
sigma-85f14-art,0,0,0,30,0.7320261437908497,0.7407407407407407,1.4,Diffraction MTF,https://www.sigma-global.com/lenses/a016_85_14_specification_02_01.png,cfed16a794692063e0807cc93696980fbec3f7915cabccbdb78381962c3eb199,0.035,0.8238666800563437,0.8236239057582464
sigma-85f14-art,0,0.1,2.1640445165158284,10,0.9324618736383442,0.9433551198257081,1.4,Diffraction MTF,https://www.sigma-global.com/lenses/a016_85_14_specification_02_01.png,cfed16a794692063e0807cc93696980fbec3f7915cabccbdb78381962c3eb199,0.035,0.9726431835074288,0.9711864168945374
sigma-85f14-art,0,0.1,2.1640445165158284,30,0.7342047930283224,0.7494553376906319,1.4,Diffraction MTF,https://www.sigma-global.com/lenses/a016_85_14_specification_02_01.png,cfed16a794692063e0807cc93696980fbec3f7915cabccbdb78381962c3eb199,0.035,0.8230789735444143,0.8146255957047939
sigma-85f14-art,0,0.2,4.328022440916728,10,0.9368191721132898,0.9498910675381264,1.4,Diffraction MTF,https://www.sigma-global.com/lenses/a016_85_14_specification_02_01.png,cfed16a794692063e0807cc93696980fbec3f7915cabccbdb78381962c3eb199,0.035,0.9721127110927242,0.9699362751849857
sigma-85f14-art,0,0.2,4.328022440916728,30,0.7342047930283224,0.7559912854030502,1.4,Diffraction MTF,https://www.sigma-global.com/lenses/a016_85_14_specification_02_01.png,cfed16a794692063e0807cc93696980fbec3f7915cabccbdb78381962c3eb199,0.035,0.8143065213511875,0.8004190220073503
sigma-85f14-art,0,0.3,6.492145014496842,10,0.9368191721132898,0.9520697167755992,1.4,Diffraction MTF,https://www.sigma-global.com/lenses/a016_85_14_specification_02_01.png,cfed16a794692063e0807cc93696980fbec3f7915cabccbdb78381962c3eb199,0.035,0.9689431384631872,0.9675761893103583
sigma-85f14-art,0,0.3,6.492145014496842,30,0.7363834422657952,0.7581699346405228,1.4,Diffraction MTF,https://www.sigma-global.com/lenses/a016_85_14_specification_02_01.png,cfed16a794692063e0807cc93696980fbec3f7915cabccbdb78381962c3eb199,0.035,0.7853563337064152,0.7791200812927277
sigma-85f14-art,0,0.4,8.656140918410525,10,0.9389978213507625,0.9520697167755992,1.4,Diffraction MTF,https://www.sigma-global.com/lenses/a016_85_14_specification_02_01.png,cfed16a794692063e0807cc93696980fbec3f7915cabccbdb78381962c3eb199,0.035,0.9619613720840627,0.9638689949799257
sigma-85f14-art,0,0.4,8.656140918410525,30,0.738562091503268,0.7581699346405228,1.4,Diffraction MTF,https://www.sigma-global.com/lenses/a016_85_14_specification_02_01.png,cfed16a794692063e0807cc93696980fbec3f7915cabccbdb78381962c3eb199,0.035,0.72958140515864,0.7604368652645543
sigma-85f14-art,0,0.5,10.820320517992284,10,0.934640522875817,0.9520697167755992,1.4,Diffraction MTF,https://www.sigma-global.com/lenses/a016_85_14_specification_02_01.png,cfed16a794692063e0807cc93696980fbec3f7915cabccbdb78381962c3eb199,0.035,0.9533004992020863,0.9618366033545694
sigma-85f14-art,0,0.5,10.820320517992284,30,0.7363834422657952,0.7516339869281046,1.4,Diffraction MTF,https://www.sigma-global.com/lenses/a016_85_14_specification_02_01.png,cfed16a794692063e0807cc93696980fbec3f7915cabccbdb78381962c3eb199,0.035,0.6662496008242915,0.7552183802382828
sigma-85f14-art,0,0.6,12.98455665536418,10,0.9281045751633987,0.9520697167755992,1.4,Diffraction MTF,https://www.sigma-global.com/lenses/a016_85_14_specification_02_01.png,cfed16a794692063e0807cc93696980fbec3f7915cabccbdb78381962c3eb199,0.035,0.9468198840950838,0.9627081138917215
sigma-85f14-art,0,0.6,12.98455665536418,30,0.7211328976034859,0.7581699346405228,1.4,Diffraction MTF,https://www.sigma-global.com/lenses/a016_85_14_specification_02_01.png,cfed16a794692063e0807cc93696980fbec3f7915cabccbdb78381962c3eb199,0.035,0.624506488433875,0.759796136148994
sigma-85f14-art,0,0.7,15.14869681947442,10,0.906318082788671,0.9477124183006536,1.4,Diffraction MTF,https://www.sigma-global.com/lenses/a016_85_14_specification_02_01.png,cfed16a794692063e0807cc93696980fbec3f7915cabccbdb78381962c3eb199,0.035,0.9440857038511938,0.963300445143355
sigma-85f14-art,0,0.7,15.14869681947442,30,0.6862745098039216,0.7538126361655774,1.4,Diffraction MTF,https://www.sigma-global.com/lenses/a016_85_14_specification_02_01.png,cfed16a794692063e0807cc93696980fbec3f7915cabccbdb78381962c3eb199,0.035,0.6148782773188718,0.7643920480806428
sigma-85f14-art,0,0.8,17.313120011773588,10,0.8649237472766884,0.9389978213507625,1.4,Diffraction MTF,https://www.sigma-global.com/lenses/a016_85_14_specification_02_01.png,cfed16a794692063e0807cc93696980fbec3f7915cabccbdb78381962c3eb199,0.035,0.9379834664497106,0.9625799047075261
sigma-85f14-art,0,0.8,17.313120011773588,30,0.6209150326797386,0.7276688453159041,1.4,Diffraction MTF,https://www.sigma-global.com/lenses/a016_85_14_specification_02_01.png,cfed16a794692063e0807cc93696980fbec3f7915cabccbdb78381962c3eb199,0.035,0.6275061073249538,0.7633211347334264
sigma-85f14-art,0,0.9,19.477678019854114,10,0.803921568627451,0.9259259259259259,1.4,Diffraction MTF,https://www.sigma-global.com/lenses/a016_85_14_specification_02_01.png,cfed16a794692063e0807cc93696980fbec3f7915cabccbdb78381962c3eb199,0.035,0.9054812720834726,0.9567808745078809
sigma-85f14-art,0,0.9,19.477678019854114,30,0.5446623093681917,0.6775599128540305,1.4,Diffraction MTF,https://www.sigma-global.com/lenses/a016_85_14_specification_02_01.png,cfed16a794692063e0807cc93696980fbec3f7915cabccbdb78381962c3eb199,0.035,0.654886787275566,0.7398556268928668
